SWC_F_MDS_1,is_leap_year,Month,Year,Day,Percentile,flashdrought,FD_Period,slowdrought,SD_Period,date
,True,1,2004,1,,,,,,2004-01-01
,True,1,2004,6,,,,,,2004-01-06
,True,1,2004,11,,,,,,2004-01-11
,True,1,2004,16,,,,,,2004-01-16
,True,1,2004,21,,,,,,2004-01-21
,True,1,2004,26,,,,,,2004-01-26
,True,1,2004,31,,,,,,2004-01-31
,True,2,2004,5,,,,,,2004-02-05
,True,2,2004,10,,,,,,2004-02-10
,True,2,2004,15,,,,,,2004-02-15
,True,2,2004,20,,,,,,2004-02-20
,True,2,2004,25,,,,,,2004-02-25
,True,3,2004,2,,,,,,2004-03-02
,True,3,2004,7,,,,,,2004-03-07
,True,3,2004,12,,,,,,2004-03-12
,True,3,2004,17,,,,,,2004-03-17
,True,3,2004,22,,,,,,2004-03-22
,True,3,2004,27,,,,,,2004-03-27
,True,4,2004,1,,,,,,2004-04-01
,True,4,2004,6,,,,,,2004-04-06
,True,4,2004,11,,,,,,2004-04-11
,True,4,2004,16,,,,,,2004-04-16
,True,4,2004,21,,,,,,2004-04-21
,True,4,2004,26,,,,,,2004-04-26
,True,5,2004,1,,,,,,2004-05-01
,True,5,2004,6,,,,,,2004-05-06
,True,5,2004,11,,,,,,2004-05-11
,True,5,2004,16,,,,,,2004-05-16
,True,5,2004,21,,,,,,2004-05-21
,True,5,2004,26,,,,,,2004-05-26
20.3258,True,5,2004,31,11.11111111111111,,,,,2004-05-31
20.2516,True,6,2004,5,5.555555555555555,,,,,2004-06-05
20.4004,True,6,2004,10,5.555555555555555,,,,,2004-06-10
19.7084,True,6,2004,15,5.555555555555555,,,,,2004-06-15
18.404,True,6,2004,20,11.11111111111111,,,,,2004-06-20
16.4792,True,6,2004,25,11.11111111111111,,,,,2004-06-25
16.75,True,6,2004,30,11.11111111111111,,,,,2004-06-30
20.7208,True,7,2004,5,11.11111111111111,,,,,2004-07-05
19.7084,True,7,2004,10,11.11111111111111,,,,,2004-07-10
19.6332,True,7,2004,15,11.11111111111111,,,,,2004-07-15
16.325,True,7,2004,20,11.11111111111111,,,,,2004-07-20
24.3916,True,7,2004,25,38.88888888888889,,,,,2004-07-25
18.8958,True,7,2004,30,22.22222222222222,,,,,2004-07-30
25.0666,True,8,2004,4,50.0,,,,,2004-08-04
18.8418,True,8,2004,9,16.666666666666664,,,,,2004-08-09
16.4042,True,8,2004,14,5.555555555555555,,,,,2004-08-14
21.458199999999998,True,8,2004,19,27.77777777777778,,,,,2004-08-19
30.575,True,8,2004,24,61.111111111111114,,,,,2004-08-24
29.325,True,8,2004,29,72.22222222222221,,,,,2004-08-29
20.3418,True,9,2004,3,16.666666666666664,,,,,2004-09-03
16.8916,True,9,2004,8,11.11111111111111,,,,,2004-09-08
17.3166,True,9,2004,13,11.11111111111111,,,,,2004-09-13
17.2332,True,9,2004,18,11.11111111111111,,,,,2004-09-18
15.2834,True,9,2004,23,5.555555555555555,,,,,2004-09-23
14.316399999999998,True,9,2004,28,5.555555555555555,,,,,2004-09-28
14.7126,True,10,2004,3,5.555555555555555,,,,,2004-10-03
19.3166,True,10,2004,8,5.555555555555555,,,,,2004-10-08
26.062599999999996,True,10,2004,13,44.44444444444444,,,,,2004-10-13
26.15,True,10,2004,18,22.22222222222222,,,,,2004-10-18
26.8208,True,10,2004,23,27.77777777777778,,,,,2004-10-23
31.329200000000004,True,10,2004,28,44.44444444444444,,,,,2004-10-28
33.0708,True,11,2004,2,55.55555555555556,,,,,2004-11-02
29.395999999999997,True,11,2004,7,38.88888888888889,,,,,2004-11-07
32.320800000000006,True,11,2004,12,33.33333333333333,,,,,2004-11-12
33.7918,True,11,2004,17,38.88888888888889,,,,,2004-11-17
37.1626,True,11,2004,22,50.0,,,,,2004-11-22
34.9208,True,11,2004,27,44.44444444444444,,,,,2004-11-27
35.5126,True,12,2004,2,44.44444444444444,,,,,2004-12-02
38.9544,True,12,2004,7,72.22222222222221,,,,,2004-12-07
36.562400000000004,True,12,2004,12,38.88888888888889,,,,,2004-12-12
35.875,True,12,2004,17,38.88888888888889,,,,,2004-12-17
35.225,True,12,2004,22,33.33333333333333,,,,,2004-12-22
35.312400000000004,True,12,2004,27,33.33333333333333,,,,,2004-12-27
36.0,True,1,2005,1,36.36363636363637,,,,,2005-01-01
39.725,False,1,2005,1,59.09090909090909,,,,,2005-01-01
37.9416,False,1,2005,6,47.05882352941176,,,,,2005-01-06
37.9082,False,1,2005,11,47.05882352941176,,,,,2005-01-11
35.8082,False,1,2005,16,29.411764705882355,,,,,2005-01-16
35.4708,False,1,2005,21,29.411764705882355,,,,,2005-01-21
35.979200000000006,False,1,2005,26,29.411764705882355,,,,,2005-01-26
36.1626,False,1,2005,31,29.411764705882355,,,,,2005-01-31
37.9332,False,2,2005,5,47.05882352941176,,,,,2005-02-05
39.3082,False,2,2005,10,58.82352941176471,,,,,2005-02-10
36.6792,False,2,2005,15,35.294117647058826,,,,,2005-02-15
36.375,False,2,2005,20,17.647058823529413,,,,,2005-02-20
36.396,False,2,2005,25,29.411764705882355,,,,,2005-02-25
36.0,False,3,2005,2,23.52941176470588,,,,,2005-03-02
36.7832,False,3,2005,7,23.52941176470588,,,,,2005-03-07
35.575,False,3,2005,12,17.647058823529413,,,,,2005-03-12
35.3166,False,3,2005,17,17.647058823529413,,,,,2005-03-17
38.2626,False,3,2005,22,23.52941176470588,,,,,2005-03-22
36.6668,False,3,2005,27,17.647058823529413,,,,,2005-03-27
35.8626,False,4,2005,1,11.76470588235294,,,,,2005-04-01
37.233,False,4,2005,6,11.76470588235294,,,,,2005-04-06
44.9582,False,4,2005,11,76.47058823529412,,,,,2005-04-11
29.65,False,4,2005,16,11.76470588235294,,,,,2005-04-16
28.7334,False,4,2005,21,11.76470588235294,,,,,2005-04-21
28.2416,False,4,2005,26,5.88235294117647,,,,,2005-04-26
27.791800000000002,False,5,2005,1,5.88235294117647,,,,,2005-05-01
25.162399999999998,False,5,2005,6,5.88235294117647,,,,,2005-05-06
21.4876,False,5,2005,11,5.88235294117647,,,,,2005-05-11
19.7458,False,5,2005,16,5.88235294117647,,,,,2005-05-16
23.1168,False,5,2005,21,11.76470588235294,,,,,2005-05-21
19.2958,False,5,2005,26,11.76470588235294,,,,,2005-05-26
17.3208,False,5,2005,31,5.555555555555555,,,,,2005-05-31
20.3126,False,6,2005,5,11.11111111111111,,,,,2005-06-05
28.739800000000002,False,6,2005,10,27.77777777777778,,,,,2005-06-10
22.1862,False,6,2005,15,11.11111111111111,,,,,2005-06-15
18.281,False,6,2005,20,5.555555555555555,,,,,2005-06-20
16.296,False,6,2005,25,5.555555555555555,,,,,2005-06-25
15.1166,False,6,2005,30,5.555555555555555,,,,,2005-06-30
14.1792,False,7,2005,5,5.555555555555555,,,,,2005-07-05
13.4334,False,7,2005,10,5.555555555555555,,,,,2005-07-10
13.0042,False,7,2005,15,5.555555555555555,,,,,2005-07-15
12.5542,False,7,2005,20,5.555555555555555,,,,,2005-07-20
12.7,False,7,2005,25,5.555555555555555,,,,,2005-07-25
12.091800000000001,False,7,2005,30,5.555555555555555,,,,,2005-07-30
11.6458,False,8,2005,4,5.555555555555555,,,,,2005-08-04
15.0708,False,8,2005,9,5.555555555555555,,,,,2005-08-09
31.829200000000004,False,8,2005,14,66.66666666666666,,,,,2005-08-14
28.8584,False,8,2005,19,61.111111111111114,,,,,2005-08-19
30.621,False,8,2005,24,66.66666666666666,,before,,,2005-08-24
24.7376,False,8,2005,29,22.22222222222222,22.22222222222222,onset,,,2005-08-29
19.5838,False,9,2005,3,11.11111111111111,11.11111111111111,onset,,,2005-09-03
16.375,False,9,2005,8,5.555555555555555,5.555555555555555,onset,,,2005-09-08
24.7708,False,9,2005,13,50.0,50.0,recovery,,,2005-09-13
28.7874,False,9,2005,18,61.111111111111114,,after,,,2005-09-18
25.291800000000002,False,9,2005,23,66.66666666666666,,,,,2005-09-23
28.403,False,9,2005,28,72.22222222222221,,,,,2005-09-28
26.55,False,10,2005,3,50.0,,,,,2005-10-03
25.05,False,10,2005,8,44.44444444444444,,,,before,2005-10-08
23.2374,False,10,2005,13,22.22222222222222,,,22.22222222222222,onset,2005-10-13
26.9752,False,10,2005,18,33.33333333333333,,,33.33333333333333,onset,2005-10-18
27.8542,False,10,2005,23,38.88888888888889,,,38.88888888888889,onset,2005-10-23
28.1124,False,10,2005,28,33.33333333333333,,,33.33333333333333,onset,2005-10-28
29.5,False,11,2005,2,33.33333333333333,,,33.33333333333333,onset,2005-11-02
29.0084,False,11,2005,7,33.33333333333333,,,33.33333333333333,onset,2005-11-07
28.895799999999998,False,11,2005,12,22.22222222222222,,,22.22222222222222,onset,2005-11-12
28.0,False,11,2005,17,16.666666666666664,,,16.666666666666664,onset,2005-11-17
27.7834,False,11,2005,22,16.666666666666664,,,16.666666666666664,onset,2005-11-22
28.925,False,11,2005,27,16.666666666666664,,,16.666666666666664,onset,2005-11-27
27.354200000000002,False,12,2005,2,16.666666666666664,,,16.666666666666664,onset,2005-12-02
27.229200000000002,False,12,2005,7,16.666666666666664,,,16.666666666666664,onset,2005-12-07
29.5876,False,12,2005,12,16.666666666666664,,,16.666666666666664,onset,2005-12-12
27.175,False,12,2005,17,16.666666666666664,,,16.666666666666664,onset,2005-12-17
30.2334,False,12,2005,22,16.666666666666664,,,16.666666666666664,onset,2005-12-22
28.2166,False,12,2005,27,16.666666666666664,,,16.666666666666664,onset,2005-12-27
28.437400000000004,False,1,2006,1,18.181818181818183,,,18.181818181818183,onset,2006-01-01
29.020799999999998,False,1,2006,6,17.647058823529413,,,17.647058823529413,onset,2006-01-06
28.5374,False,1,2006,11,17.647058823529413,,,17.647058823529413,onset,2006-01-11
27.795799999999996,False,1,2006,16,11.76470588235294,,,11.76470588235294,onset,2006-01-16
27.775,False,1,2006,21,5.88235294117647,,,5.88235294117647,onset,2006-01-21
30.620799999999996,False,1,2006,26,11.76470588235294,,,11.76470588235294,recovery,2006-01-26
27.65,False,1,2006,31,5.88235294117647,,,5.88235294117647,recovery,2006-01-31
26.995799999999996,False,2,2006,5,5.88235294117647,,,5.88235294117647,recovery,2006-02-05
26.925,False,2,2006,10,5.88235294117647,,,5.88235294117647,recovery,2006-02-10
26.454200000000004,False,2,2006,15,5.88235294117647,,,5.88235294117647,recovery,2006-02-15
26.2582,False,2,2006,20,5.88235294117647,,,5.88235294117647,recovery,2006-02-20
26.587200000000003,False,2,2006,25,5.88235294117647,,,5.88235294117647,recovery,2006-02-25
26.458199999999998,False,3,2006,2,5.88235294117647,,,5.88235294117647,recovery,2006-03-02
29.6332,False,3,2006,7,5.88235294117647,,,5.88235294117647,recovery,2006-03-07
29.2374,False,3,2006,12,5.88235294117647,,,5.88235294117647,recovery,2006-03-12
29.5876,False,3,2006,17,5.88235294117647,,,5.88235294117647,recovery,2006-03-17
27.6166,False,3,2006,22,5.88235294117647,,,5.88235294117647,recovery,2006-03-22
29.425,False,3,2006,27,5.88235294117647,,,5.88235294117647,recovery,2006-03-27
29.1334,False,4,2006,1,5.88235294117647,,,5.88235294117647,recovery,2006-04-01
28.8916,False,4,2006,6,5.88235294117647,,,5.88235294117647,recovery,2006-04-06
28.729200000000002,False,4,2006,11,5.88235294117647,,,5.88235294117647,recovery,2006-04-11
28.0166,False,4,2006,16,5.88235294117647,,,5.88235294117647,recovery,2006-04-16
28.320800000000002,False,4,2006,21,5.88235294117647,,,5.88235294117647,recovery,2006-04-21
29.7418,False,4,2006,26,11.76470588235294,,,11.76470588235294,recovery,2006-04-26
29.9,False,5,2006,1,11.76470588235294,,,11.76470588235294,recovery,2006-05-01
27.45,False,5,2006,6,11.76470588235294,,,11.76470588235294,recovery,2006-05-06
24.6874,False,5,2006,11,11.76470588235294,,,11.76470588235294,recovery,2006-05-11
22.0292,False,5,2006,16,11.76470588235294,,,11.76470588235294,recovery,2006-05-16
18.7334,False,5,2006,21,5.88235294117647,,,5.88235294117647,recovery,2006-05-21
17.0084,False,5,2006,26,5.88235294117647,,,5.88235294117647,recovery,2006-05-26
27.3956,False,5,2006,31,22.22222222222222,,,22.22222222222222,recovery,2006-05-31
21.3208,False,6,2006,5,16.666666666666664,,,,after,2006-06-05
26.8248,False,6,2006,10,22.22222222222222,,,,,2006-06-10
30.370600000000003,False,6,2006,15,44.44444444444444,,before,,,2006-06-15
31.041800000000002,False,6,2006,20,38.88888888888889,38.88888888888889,onset,,,2006-06-20
27.029200000000003,False,6,2006,25,27.77777777777778,27.77777777777778,onset,,,2006-06-25
23.1958,False,6,2006,30,22.22222222222222,22.22222222222222,onset,,,2006-06-30
20.95,False,7,2006,5,16.666666666666664,16.666666666666664,onset,,,2006-07-05
30.179199999999998,False,7,2006,10,55.55555555555556,55.55555555555556,before,,,2006-07-10
24.1292,False,7,2006,15,33.33333333333333,33.33333333333333,onset,,,2006-07-15
19.104,False,7,2006,20,16.666666666666664,16.666666666666664,onset,,,2006-07-20
18.0916,False,7,2006,25,11.11111111111111,11.11111111111111,onset,,,2006-07-25
18.529,False,7,2006,30,16.666666666666664,16.666666666666664,recovery,,,2006-07-30
22.85,False,8,2006,4,27.77777777777778,27.77777777777778,recovery,,,2006-08-04
29.2582,False,8,2006,9,61.111111111111114,,after,,,2006-08-09
22.1458,False,8,2006,14,27.77777777777778,,,,,2006-08-14
19.704,False,8,2006,19,11.11111111111111,,,,,2006-08-19
30.412599999999998,False,8,2006,24,55.55555555555556,,,,,2006-08-24
30.162600000000005,False,8,2006,29,77.77777777777779,,,,,2006-08-29
22.45,False,9,2006,3,27.77777777777778,,,,,2006-09-03
26.970799999999997,False,9,2006,8,50.0,,,,,2006-09-08
33.3874,False,9,2006,13,72.22222222222221,,,,,2006-09-13
27.2246,False,9,2006,18,55.55555555555556,,before,,,2006-09-18
21.212600000000002,False,9,2006,23,22.22222222222222,22.22222222222222,onset,,,2006-09-23
19.0292,False,9,2006,28,11.11111111111111,11.11111111111111,onset,,,2006-09-28
17.9334,False,10,2006,3,11.11111111111111,11.11111111111111,recovery,,,2006-10-03
21.1582,False,10,2006,8,27.77777777777778,27.77777777777778,recovery,,,2006-10-08
25.945600000000002,False,10,2006,13,38.88888888888889,,after,,,2006-10-13
30.4334,False,10,2006,18,55.55555555555556,,,,,2006-10-18
34.212599999999995,False,10,2006,23,72.22222222222221,,,,,2006-10-23
37.7584,False,10,2006,28,77.77777777777779,,,,,2006-10-28
36.3418,False,11,2006,2,66.66666666666666,,,,,2006-11-02
37.354200000000006,False,11,2006,7,72.22222222222221,,,,,2006-11-07
39.0668,False,11,2006,12,88.88888888888889,,,,,2006-11-12
37.020799999999994,False,11,2006,17,66.66666666666666,,,,,2006-11-17
37.0168,False,11,2006,22,44.44444444444444,,,,,2006-11-22
38.1084,False,11,2006,27,50.0,,,,,2006-11-27
39.5582,False,12,2006,2,72.22222222222221,,,,,2006-12-02
40.120799999999996,False,12,2006,7,77.77777777777779,,,,,2006-12-07
39.1168,False,12,2006,12,72.22222222222221,,,,,2006-12-12
39.412400000000005,False,12,2006,17,66.66666666666666,,,,,2006-12-17
38.5834,False,12,2006,22,55.55555555555556,,,,,2006-12-22
38.9834,False,12,2006,27,55.55555555555556,,,,,2006-12-27
39.0084,False,1,2007,1,45.45454545454545,,,,,2007-01-01
38.4,False,1,2007,6,52.94117647058824,,,,,2007-01-06
39.5666,False,1,2007,11,58.82352941176471,,,,,2007-01-11
38.2958,False,1,2007,16,52.94117647058824,,,,,2007-01-16
40.4584,False,1,2007,21,70.58823529411765,,,,,2007-01-21
39.8334,False,1,2007,26,64.70588235294117,,,,,2007-01-26
36.7584,False,1,2007,31,35.294117647058826,,,,,2007-01-31
35.3458,False,2,2007,5,29.411764705882355,,,,,2007-02-05
35.4334,False,2,2007,10,29.411764705882355,,,,,2007-02-10
37.9582,False,2,2007,15,52.94117647058824,,,,,2007-02-15
40.833600000000004,False,2,2007,20,64.70588235294117,,,,,2007-02-20
40.2584,False,2,2007,25,58.82352941176471,,,,,2007-02-25
38.995799999999996,False,3,2007,2,52.94117647058824,,,,,2007-03-02
39.8666,False,3,2007,7,35.294117647058826,,,,,2007-03-07
39.8584,False,3,2007,12,35.294117647058826,,,,,2007-03-12
40.2418,False,3,2007,17,29.411764705882355,,,,,2007-03-17
41.7792,False,3,2007,22,52.94117647058824,,,,,2007-03-22
41.6152,False,3,2007,27,35.294117647058826,,,,,2007-03-27
41.5752,False,4,2007,1,47.05882352941176,,,,,2007-04-01
40.2416,False,4,2007,6,35.294117647058826,,,,,2007-04-06
42.0582,False,4,2007,11,35.294117647058826,,,,,2007-04-11
40.7584,False,4,2007,16,35.294117647058826,,,,,2007-04-16
41.771,False,4,2007,21,47.05882352941176,,,,before,2007-04-21
42.1418,False,4,2007,26,29.411764705882355,,,29.411764705882355,onset,2007-04-26
43.5918,False,5,2007,1,35.294117647058826,,,35.294117647058826,onset,2007-05-01
41.879200000000004,False,5,2007,6,35.294117647058826,,,35.294117647058826,onset,2007-05-06
38.745799999999996,False,5,2007,11,29.411764705882355,,,29.411764705882355,onset,2007-05-11
32.787400000000005,False,5,2007,16,17.647058823529413,,,17.647058823529413,onset,2007-05-16
29.045799999999996,False,5,2007,21,17.647058823529413,,,17.647058823529413,recovery,2007-05-21
35.2374,False,5,2007,26,29.411764705882355,,,29.411764705882355,recovery,2007-05-26
39.196000000000005,False,5,2007,31,38.88888888888889,,,,after,2007-05-31
30.4872,False,6,2007,5,33.33333333333333,,,,,2007-06-05
31.8002,False,6,2007,10,33.33333333333333,,,,,2007-06-10
23.8874,False,6,2007,15,16.666666666666664,,,,,2007-06-15
23.0708,False,6,2007,20,16.666666666666664,,,,,2007-06-20
30.3042,False,6,2007,25,38.88888888888889,,,,,2007-06-25
41.3876,False,6,2007,30,77.77777777777779,,before,,,2007-06-30
28.041800000000002,False,7,2007,5,38.88888888888889,38.88888888888889,onset,,,2007-07-05
21.7166,False,7,2007,10,16.666666666666664,16.666666666666664,onset,,,2007-07-10
21.0126,False,7,2007,15,16.666666666666664,16.666666666666664,recovery,,,2007-07-15
24.8336,False,7,2007,20,44.44444444444444,44.44444444444444,recovery,,,2007-07-20
18.9834,False,7,2007,25,16.666666666666664,,after,,,2007-07-25
17.7,False,7,2007,30,11.11111111111111,,,,,2007-07-30
17.0,False,8,2007,4,11.11111111111111,,,,,2007-08-04
16.7958,False,8,2007,9,11.11111111111111,,,,,2007-08-09
16.45,False,8,2007,14,11.11111111111111,,,,,2007-08-14
16.2876,False,8,2007,19,5.555555555555555,,,,,2007-08-19
15.9916,False,8,2007,24,5.555555555555555,,,,,2007-08-24
15.2082,False,8,2007,29,5.555555555555555,,,,,2007-08-29
16.575,False,9,2007,3,5.555555555555555,,,,,2007-09-03
18.3958,False,9,2007,8,16.666666666666664,,,,,2007-09-08
15.4332,False,9,2007,13,5.555555555555555,,,,,2007-09-13
15.15,False,9,2007,18,5.555555555555555,,,,,2007-09-18
16.4666,False,9,2007,23,11.11111111111111,,,,,2007-09-23
21.8294,False,9,2007,28,33.33333333333333,,,,,2007-09-28
26.595999999999997,False,10,2007,3,55.55555555555556,,,,,2007-10-03
19.9956,False,10,2007,8,11.11111111111111,,,,,2007-10-08
33.325,False,10,2007,13,66.66666666666666,,,,,2007-10-13
33.0082,False,10,2007,18,66.66666666666666,,,,,2007-10-18
28.129200000000004,False,10,2007,23,44.44444444444444,,,,,2007-10-23
25.5084,False,10,2007,28,16.666666666666664,,,,,2007-10-28
22.791800000000002,False,11,2007,2,5.555555555555555,,,,,2007-11-02
21.8584,False,11,2007,7,5.555555555555555,,,,,2007-11-07
32.321000000000005,False,11,2007,12,38.88888888888889,,,,,2007-11-12
31.0252,False,11,2007,17,27.77777777777778,,,,,2007-11-17
30.620799999999996,False,11,2007,22,27.77777777777778,,,,,2007-11-22
33.0874,False,11,2007,27,33.33333333333333,,,,,2007-11-27
35.3626,False,12,2007,2,38.88888888888889,,,,,2007-12-02
36.726600000000005,False,12,2007,7,38.88888888888889,,,,,2007-12-07
38.322199999999995,False,12,2007,12,44.44444444444444,,,,,2007-12-12
38.7334,False,12,2007,17,61.111111111111114,,,,,2007-12-17
40.1626,False,12,2007,22,72.22222222222221,,,,,2007-12-22
40.0958,False,12,2007,27,61.111111111111114,,,,,2007-12-27
39.062400000000004,True,1,2008,1,50.0,,,,,2008-01-01
42.725,True,1,2008,6,82.35294117647058,,,,,2008-01-06
41.8664,True,1,2008,11,76.47058823529412,,,,,2008-01-11
40.8832,True,1,2008,16,70.58823529411765,,,,,2008-01-16
39.9906,True,1,2008,21,58.82352941176471,,,,,2008-01-21
39.2166,True,1,2008,26,47.05882352941176,,,,,2008-01-26
39.7124,True,1,2008,31,58.82352941176471,,,,,2008-01-31
43.3168,True,2,2008,5,82.35294117647058,,,,,2008-02-05
41.475,True,2,2008,10,70.58823529411765,,,,,2008-02-10
42.5832,True,2,2008,15,82.35294117647058,,,,,2008-02-15
42.4582,True,2,2008,20,76.47058823529412,,,,,2008-02-20
42.90625,True,2,2008,25,76.47058823529412,,,,,2008-02-25
43.212599999999995,True,3,2008,2,82.35294117647058,,,,,2008-03-02
42.1376,True,3,2008,7,64.70588235294117,,,,,2008-03-07
43.4334,True,3,2008,12,58.82352941176471,,,,,2008-03-12
44.412400000000005,True,3,2008,17,70.58823529411765,,,,,2008-03-17
43.2584,True,3,2008,22,64.70588235294117,,,,,2008-03-22
44.0166,True,3,2008,27,70.58823529411765,,,,,2008-03-27
44.620799999999996,True,4,2008,1,76.47058823529412,,,,,2008-04-01
44.187599999999996,True,4,2008,6,70.58823529411765,,,,,2008-04-06
44.146,True,4,2008,11,70.58823529411765,,,,,2008-04-11
44.3876,True,4,2008,16,70.58823529411765,,,,,2008-04-16
45.541399999999996,True,4,2008,21,82.35294117647058,,,,,2008-04-21
44.787400000000005,True,4,2008,26,70.58823529411765,,,,,2008-04-26
45.0708,True,5,2008,1,58.82352941176471,,,,,2008-05-01
45.5332,True,5,2008,6,82.35294117647058,,,,,2008-05-06
45.20399999999999,True,5,2008,11,82.35294117647058,,,,,2008-05-11
44.5248,True,5,2008,16,64.70588235294117,,,,,2008-05-16
42.962599999999995,True,5,2008,21,64.70588235294117,,,,,2008-05-21
45.7584,True,5,2008,26,88.23529411764706,,,,,2008-05-26
42.962599999999995,True,5,2008,31,77.77777777777779,,,,,2008-05-31
44.379200000000004,True,6,2008,5,83.33333333333334,,,,,2008-06-05
45.8168,True,6,2008,10,88.88888888888889,,,,,2008-06-10
43.55,True,6,2008,15,83.33333333333334,,,,,2008-06-15
40.1626,True,6,2008,20,77.77777777777779,,,,,2008-06-20
43.9208,True,6,2008,25,83.33333333333334,,,,,2008-06-25
44.6126,True,6,2008,30,83.33333333333334,,,,,2008-06-30
43.3502,True,7,2008,5,83.33333333333334,,,,,2008-07-05
41.5918,True,7,2008,10,72.22222222222221,,,,,2008-07-10
33.5666,True,7,2008,15,66.66666666666666,,,,,2008-07-15
35.4956,True,7,2008,20,72.22222222222221,,,,,2008-07-20
45.7584,True,7,2008,25,94.44444444444444,,,,,2008-07-25
47.449799999999996,True,7,2008,30,88.88888888888889,,,,,2008-07-30
41.153999999999996,True,8,2008,4,88.88888888888889,,,,,2008-08-04
32.7916,True,8,2008,9,72.22222222222221,,,,,2008-08-09
30.470799999999997,True,8,2008,14,61.111111111111114,,,,,2008-08-14
33.465999999999994,True,8,2008,19,77.77777777777779,,,,,2008-08-19
30.7874,True,8,2008,24,72.22222222222221,,,,,2008-08-24
39.9082,True,8,2008,29,94.44444444444444,,,,,2008-08-29
45.004200000000004,True,9,2008,3,100.0,,,,,2008-09-03
43.825,True,9,2008,8,100.0,,,,,2008-09-08
48.8292,True,9,2008,13,94.44444444444444,,,,,2008-09-13
44.504200000000004,True,9,2008,18,94.44444444444444,,,,,2008-09-18
41.754200000000004,True,9,2008,23,88.88888888888889,,,,,2008-09-23
41.6958,True,9,2008,28,88.88888888888889,,,,,2008-09-28
41.720600000000005,True,10,2008,3,88.88888888888889,,,,,2008-10-03
45.2042,True,10,2008,8,94.44444444444444,,,,,2008-10-08
41.9042,True,10,2008,13,88.88888888888889,,,,,2008-10-13
40.442,True,10,2008,18,94.44444444444444,,,,,2008-10-18
44.4082,True,10,2008,23,94.44444444444444,,,,,2008-10-23
43.55,True,10,2008,28,94.44444444444444,,,,,2008-10-28
42.953199999999995,True,11,2008,2,94.44444444444444,,,,,2008-11-02
47.5332,True,11,2008,7,94.44444444444444,,,,,2008-11-07
48.3458,True,11,2008,12,94.44444444444444,,,,,2008-11-12
46.604,True,11,2008,17,94.44444444444444,,,,,2008-11-17
45.7748,True,11,2008,22,88.88888888888889,,,,,2008-11-22
46.3,True,11,2008,27,88.88888888888889,,,,,2008-11-27
47.4486,True,12,2008,2,88.88888888888889,,,,,2008-12-02
46.425,True,12,2008,7,88.88888888888889,,,,,2008-12-07
46.79600000000001,True,12,2008,12,88.88888888888889,,,,,2008-12-12
47.1574,True,12,2008,17,88.88888888888889,,,,,2008-12-17
47.9976,True,12,2008,22,88.88888888888889,,,,,2008-12-22
48.0874,True,12,2008,27,88.88888888888889,,,,,2008-12-27
49.604,True,1,2009,1,90.9090909090909,,,,,2009-01-01
48.346000000000004,False,1,2009,1,86.36363636363636,,,,,2009-01-01
48.229,False,1,2009,6,88.23529411764706,,,,,2009-01-06
49.0542,False,1,2009,11,94.11764705882352,,,,,2009-01-11
47.15,False,1,2009,16,94.11764705882352,,,,,2009-01-16
44.9692,False,1,2009,21,88.23529411764706,,,,,2009-01-21
43.4722,False,1,2009,26,82.35294117647058,,,,,2009-01-26
44.2166,False,1,2009,31,88.23529411764706,,,,,2009-01-31
44.153999999999996,False,2,2009,5,88.23529411764706,,,,,2009-02-05
45.5582,False,2,2009,10,88.23529411764706,,,,,2009-02-10
45.312599999999996,False,2,2009,15,88.23529411764706,,,,,2009-02-15
44.504200000000004,False,2,2009,20,88.23529411764706,,,,,2009-02-20
45.312599999999996,False,2,2009,25,88.23529411764706,,,,,2009-02-25
45.0456,False,3,2009,2,88.23529411764706,,,,,2009-03-02
46.3334,False,3,2009,7,88.23529411764706,,,,,2009-03-07
45.354,False,3,2009,12,76.47058823529412,,,,,2009-03-12
45.9876,False,3,2009,17,88.23529411764706,,,,,2009-03-17
46.225,False,3,2009,22,76.47058823529412,,,,,2009-03-22
46.5584,False,3,2009,27,82.35294117647058,,,,,2009-03-27
46.178999999999995,False,4,2009,1,88.23529411764706,,,,,2009-04-01
46.4624,False,4,2009,6,88.23529411764706,,,,,2009-04-06
46.4708,False,4,2009,11,88.23529411764706,,,,,2009-04-11
46.8584,False,4,2009,16,88.23529411764706,,,,,2009-04-16
47.2168,False,4,2009,21,88.23529411764706,,,,,2009-04-21
48.129200000000004,False,4,2009,26,88.23529411764706,,,,,2009-04-26
47.3874,False,5,2009,1,88.23529411764706,,,,,2009-05-01
47.345600000000005,False,5,2009,6,88.23529411764706,,,,,2009-05-06
46.7668,False,5,2009,11,88.23529411764706,,,,,2009-05-11
46.375,False,5,2009,16,82.35294117647058,,,,,2009-05-16
42.3164,False,5,2009,21,52.94117647058824,,,,,2009-05-21
45.6542,False,5,2009,26,82.35294117647058,,,,,2009-05-26
39.6916,False,5,2009,31,44.44444444444444,,,,,2009-05-31
37.800599999999996,False,6,2009,5,50.0,,,,,2009-06-05
45.5792,False,6,2009,10,83.33333333333334,,,,,2009-06-10
42.303399999999996,False,6,2009,15,77.77777777777779,,,,,2009-06-15
36.7724,False,6,2009,20,50.0,,,,,2009-06-20
34.0376,False,6,2009,25,55.55555555555556,,,,,2009-06-25
32.553999999999995,False,6,2009,30,61.111111111111114,,,,,2009-06-30
42.8874,False,7,2009,5,77.77777777777779,,,,,2009-07-05
42.3584,False,7,2009,10,83.33333333333334,,,,,2009-07-10
44.1,False,7,2009,15,94.44444444444444,,,,,2009-07-15
44.5582,False,7,2009,20,88.88888888888889,,,,,2009-07-20
35.7834,False,7,2009,25,77.77777777777779,,,,,2009-07-25
29.791800000000002,False,7,2009,30,66.66666666666666,,,,,2009-07-30
26.1706,False,8,2009,4,55.55555555555556,,,,,2009-08-04
34.5752,False,8,2009,9,83.33333333333334,,,,,2009-08-09
32.9208,False,8,2009,14,72.22222222222221,,,,,2009-08-14
42.979200000000006,False,8,2009,19,100.0,,,,,2009-08-19
33.379,False,8,2009,24,88.88888888888889,,,,,2009-08-24
28.5834,False,8,2009,29,61.111111111111114,,,,,2009-08-29
26.9832,False,9,2009,3,61.111111111111114,,,,,2009-09-03
24.2086,False,9,2009,8,33.33333333333333,,,,,2009-09-08
21.4916,False,9,2009,13,22.22222222222222,,,,,2009-09-13
34.9874,False,9,2009,18,77.77777777777779,,,,,2009-09-18
46.0458,False,9,2009,23,94.44444444444444,,,,,2009-09-23
46.8876,False,9,2009,28,94.44444444444444,,,,,2009-09-28
48.0002,False,10,2009,3,100.0,,,,,2009-10-03
50.2748,False,10,2009,8,100.0,,,,,2009-10-08
52.0126,False,10,2009,13,100.0,,,,,2009-10-13
45.5376,False,10,2009,18,100.0,,,,,2009-10-18
52.5668,False,10,2009,23,100.0,,,,,2009-10-23
51.971000000000004,False,10,2009,28,100.0,,,,,2009-10-28
49.5,False,11,2009,2,100.0,,,,,2009-11-02
50.5622,False,11,2009,7,100.0,,,,,2009-11-07
49.6918,False,11,2009,12,100.0,,,,,2009-11-12
50.587599999999995,False,11,2009,17,100.0,,,,,2009-11-17
49.5834,False,11,2009,22,100.0,,,,,2009-11-22
50.779399999999995,False,11,2009,27,94.44444444444444,,,,,2009-11-27
49.7958,False,12,2009,2,94.44444444444444,,,,,2009-12-02
51.187400000000004,False,12,2009,7,94.44444444444444,,,,,2009-12-07
47.4542,False,12,2009,12,94.44444444444444,,,,,2009-12-12
48.120799999999996,False,12,2009,17,94.44444444444444,,,,,2009-12-17
48.854200000000006,False,12,2009,22,94.44444444444444,,,,,2009-12-22
49.79600000000001,False,12,2009,27,94.44444444444444,,,,,2009-12-27
51.2832,False,1,2010,1,95.45454545454545,,,,,2010-01-01
49.0834,False,1,2010,6,94.11764705882352,,,,,2010-01-06
47.1668,False,1,2010,11,88.23529411764706,,,,,2010-01-11
45.5336,False,1,2010,16,88.23529411764706,,,,,2010-01-16
47.9582,False,1,2010,21,94.11764705882352,,,,,2010-01-21
51.4418,False,1,2010,26,94.11764705882352,,,,,2010-01-26
49.721000000000004,False,1,2010,31,94.11764705882352,,,,,2010-01-31
53.2,False,2,2010,5,94.11764705882352,,,,,2010-02-05
53.187400000000004,False,2,2010,10,94.11764705882352,,,,,2010-02-10
52.778999999999996,False,2,2010,15,94.11764705882352,,,,,2010-02-15
53.6,False,2,2010,20,94.11764705882352,,,,,2010-02-20
52.5458,False,2,2010,25,94.11764705882352,,,,,2010-02-25
51.8082,False,3,2010,2,94.11764705882352,,,,,2010-03-02
52.2624,False,3,2010,7,94.11764705882352,,,,,2010-03-07
54.276199999999996,False,3,2010,12,94.11764705882352,,,,,2010-03-12
53.35,False,3,2010,17,94.11764705882352,,,,,2010-03-17
53.3624,False,3,2010,22,94.11764705882352,,,,,2010-03-22
51.933400000000006,False,3,2010,27,94.11764705882352,,,,,2010-03-27
53.178999999999995,False,4,2010,1,94.11764705882352,,,,,2010-04-01
52.837599999999995,False,4,2010,6,94.11764705882352,,,,,2010-04-06
49.916399999999996,False,4,2010,11,94.11764705882352,,,,,2010-04-11
51.6542,False,4,2010,16,94.11764705882352,,,,,2010-04-16
51.7332,False,4,2010,21,94.11764705882352,,,,,2010-04-21
51.91179999999999,False,4,2010,26,94.11764705882352,,,,,2010-04-26
51.70399999999999,False,5,2010,1,94.11764705882352,,,,,2010-05-01
49.770799999999994,False,5,2010,6,94.11764705882352,,,,,2010-05-06
50.342,False,5,2010,11,94.11764705882352,,,,,2010-05-11
51.162400000000005,False,5,2010,16,94.11764705882352,,,,,2010-05-16
48.7624,False,5,2010,21,94.11764705882352,,,,,2010-05-21
43.82899999999999,False,5,2010,26,64.70588235294117,,,,,2010-05-26
45.6294,False,5,2010,31,83.33333333333334,,,,,2010-05-31
45.604200000000006,False,6,2010,5,88.88888888888889,,,,,2010-06-05
52.3208,False,6,2010,10,94.44444444444444,,,,,2010-06-10
53.5124,False,6,2010,15,94.44444444444444,,,,,2010-06-15
47.8418,False,6,2010,20,94.44444444444444,,,,,2010-06-20
42.754,False,6,2010,25,77.77777777777779,,,,,2010-06-25
37.1958,False,6,2010,30,72.22222222222221,,,,,2010-06-30
45.1916,False,7,2010,5,88.88888888888889,,,,,2010-07-05
40.373599999999996,False,7,2010,10,66.66666666666666,,,,,2010-07-10
36.1884,False,7,2010,15,72.22222222222221,,,,,2010-07-15
46.8444,False,7,2010,20,94.44444444444444,,,,,2010-07-20
37.25,False,7,2010,25,83.33333333333334,,,,,2010-07-25
48.7166,False,7,2010,30,94.44444444444444,,,,,2010-07-30
35.928999999999995,False,8,2010,4,72.22222222222221,,,,,2010-08-04
29.1416,False,8,2010,9,55.55555555555556,,,,,2010-08-09
35.821000000000005,False,8,2010,14,88.88888888888889,,,,,2010-08-14
38.9418,False,8,2010,19,94.44444444444444,,,,,2010-08-19
43.5712,False,8,2010,24,100.0,,,,,2010-08-24
42.354200000000006,False,8,2010,29,100.0,,,,,2010-08-29
43.3752,False,9,2010,3,94.44444444444444,,,,,2010-09-03
41.65,False,9,2010,8,94.44444444444444,,,,,2010-09-08
49.4918,False,9,2010,13,100.0,,,,,2010-09-13
55.45399999999999,False,9,2010,18,100.0,,,,,2010-09-18
57.3916,False,9,2010,23,100.0,,,,,2010-09-23
52.916599999999995,False,9,2010,28,100.0,,,,,2010-09-28
44.075,False,10,2010,3,94.44444444444444,,,,,2010-10-03
37.5456,False,10,2010,8,77.77777777777779,,,,,2010-10-08
32.275,False,10,2010,13,55.55555555555556,,,,,2010-10-13
29.558600000000002,False,10,2010,18,50.0,,,,,2010-10-18
31.187599999999996,False,10,2010,23,50.0,,,,,2010-10-23
32.6126,False,10,2010,28,55.55555555555556,,,,,2010-10-28
31.220999999999997,False,11,2010,2,44.44444444444444,,,,,2010-11-02
30.8002,False,11,2010,7,50.0,,,,,2010-11-07
35.4876,False,11,2010,12,61.111111111111114,,,,,2010-11-12
35.8056,False,11,2010,17,55.55555555555556,,,,,2010-11-17
48.07340000000001,False,11,2010,22,94.44444444444444,,,,,2010-11-22
52.9846,False,11,2010,27,100.0,,,,,2010-11-27
51.816599999999994,False,12,2010,2,100.0,,,,,2010-12-02
51.3452,False,12,2010,7,100.0,,,,,2010-12-07
52.126999999999995,False,12,2010,12,100.0,,,,,2010-12-12
52.754,False,12,2010,17,100.0,,,,,2010-12-17
52.74159999999999,False,12,2010,22,100.0,,,,,2010-12-22
53.4802,False,12,2010,27,100.0,,,,,2010-12-27
53.602599999999995,False,1,2011,1,100.0,,,,,2011-01-01
52.3994,False,1,2011,6,100.0,,,,,2011-01-06
51.625,False,1,2011,11,100.0,,,,,2011-01-11
52.950199999999995,False,1,2011,16,100.0,,,,,2011-01-16
50.6708,False,1,2011,21,100.0,,,,,2011-01-21
53.089200000000005,False,1,2011,26,100.0,,,,,2011-01-26
52.95,False,1,2011,31,100.0,,,,,2011-01-31
55.3404,False,2,2011,5,100.0,,,,,2011-02-05
53.9952,False,2,2011,10,100.0,,,,,2011-02-10
53.2414,False,2,2011,15,100.0,,,,,2011-02-15
55.5692,False,2,2011,20,100.0,,,,,2011-02-20
55.6668,False,2,2011,25,100.0,,,,,2011-02-25
54.49159999999999,False,3,2011,2,100.0,,,,,2011-03-02
56.2564,False,3,2011,7,100.0,,,,,2011-03-07
56.32899999999999,False,3,2011,12,100.0,,,,,2011-03-12
56.553999999999995,False,3,2011,17,100.0,,,,,2011-03-17
56.444399999999995,False,3,2011,22,100.0,,,,,2011-03-22
56.4446,False,3,2011,27,100.0,,,,,2011-03-27
56.553999999999995,False,4,2011,1,100.0,,,,,2011-04-01
56.444399999999995,False,4,2011,6,100.0,,,,,2011-04-06
56.4446,False,4,2011,11,100.0,,,,,2011-04-11
56.553999999999995,False,4,2011,16,100.0,,,,,2011-04-16
56.444399999999995,False,4,2011,21,100.0,,,,,2011-04-21
56.4446,False,4,2011,26,100.0,,,,,2011-04-26
56.553999999999995,False,5,2011,1,100.0,,,,,2011-05-01
56.444399999999995,False,5,2011,6,100.0,,,,,2011-05-06
56.4446,False,5,2011,11,100.0,,,,,2011-05-11
56.553999999999995,False,5,2011,16,100.0,,,,,2011-05-16
56.444399999999995,False,5,2011,21,100.0,,,,,2011-05-21
56.4446,False,5,2011,26,100.0,,,,,2011-05-26
56.553999999999995,False,5,2011,31,100.0,,,,,2011-05-31
56.444399999999995,False,6,2011,5,100.0,,,,,2011-06-05
56.4446,False,6,2011,10,100.0,,,,,2011-06-10
56.553999999999995,False,6,2011,15,100.0,,,,,2011-06-15
56.444399999999995,False,6,2011,20,100.0,,,,,2011-06-20
56.4446,False,6,2011,25,100.0,,,,,2011-06-25
56.553999999999995,False,6,2011,30,100.0,,,,,2011-06-30
56.444399999999995,False,7,2011,5,100.0,,,,,2011-07-05
56.4446,False,7,2011,10,100.0,,,,,2011-07-10
56.553999999999995,False,7,2011,15,100.0,,,,,2011-07-15
56.444399999999995,False,7,2011,20,100.0,,,,,2011-07-20
56.4446,False,7,2011,25,100.0,,,,,2011-07-25
56.553999999999995,False,7,2011,30,100.0,,,,,2011-07-30
45.7342,False,8,2011,4,100.0,,,,,2011-08-04
38.5882,False,8,2011,9,100.0,,,,,2011-08-09
38.5056,False,8,2011,14,100.0,,,,,2011-08-14
38.6592,False,8,2011,19,88.88888888888889,,,,,2011-08-19
38.5882,False,8,2011,24,94.44444444444444,,,,,2011-08-24
38.5056,False,8,2011,29,88.88888888888889,,,,,2011-08-29
38.6592,False,9,2011,3,88.88888888888889,,,,,2011-09-03
38.5882,False,9,2011,8,77.77777777777779,,,,,2011-09-08
38.5056,False,9,2011,13,83.33333333333334,,,,,2011-09-13
38.6592,False,9,2011,18,83.33333333333334,,,,,2011-09-18
38.5882,False,9,2011,23,83.33333333333334,,,,,2011-09-23
38.5056,False,9,2011,28,83.33333333333334,,,,,2011-09-28
38.6592,False,10,2011,3,77.77777777777779,,,,,2011-10-03
38.5882,False,10,2011,8,83.33333333333334,,,,,2011-10-08
38.5056,False,10,2011,13,83.33333333333334,,,,,2011-10-13
38.6592,False,10,2011,18,83.33333333333334,,,,,2011-10-18
38.5882,False,10,2011,23,83.33333333333334,,,,,2011-10-23
38.5056,False,10,2011,28,83.33333333333334,,,,,2011-10-28
38.6592,False,11,2011,2,83.33333333333334,,,,,2011-11-02
38.5882,False,11,2011,7,88.88888888888889,,,,,2011-11-07
38.5056,False,11,2011,12,83.33333333333334,,,,,2011-11-12
38.6592,False,11,2011,17,83.33333333333334,,,,,2011-11-17
38.5882,False,11,2011,22,66.66666666666666,,,,,2011-11-22
38.5056,False,11,2011,27,55.55555555555556,,,,,2011-11-27
38.6592,False,12,2011,2,55.55555555555556,,,,,2011-12-02
38.5882,False,12,2011,7,61.111111111111114,,,,,2011-12-07
38.5056,False,12,2011,12,50.0,,,,,2011-12-12
38.6592,False,12,2011,17,55.55555555555556,,,,,2011-12-17
38.5882,False,12,2011,22,61.111111111111114,,,,,2011-12-22
38.745400000000004,False,12,2011,27,50.0,,,,,2011-12-27
37.9802,True,1,2012,1,40.909090909090914,,,,,2012-01-01
37.630399999999995,True,1,2012,6,41.17647058823529,,,,,2012-01-06
36.8108,True,1,2012,11,29.411764705882355,,,,,2012-01-11
38.7568,True,1,2012,16,58.82352941176471,,,,,2012-01-16
37.6432,True,1,2012,21,41.17647058823529,,,,,2012-01-21
38.1304,True,1,2012,26,35.294117647058826,,,,,2012-01-26
40.1002,True,1,2012,31,64.70588235294117,,,,,2012-01-31
40.993,True,2,2012,5,64.70588235294117,,,,,2012-02-05
38.403,True,2,2012,10,47.05882352941176,,,,,2012-02-10
41.90560000000001,True,2,2012,15,70.58823529411765,,,,,2012-02-15
40.184,True,2,2012,20,58.82352941176471,,,,,2012-02-20
38.991749999999996,True,2,2012,25,52.94117647058824,,,,,2012-02-25
40.5086,True,3,2012,2,64.70588235294117,,,,,2012-03-02
40.8454,True,3,2012,7,41.17647058823529,,,,,2012-03-07
42.923199999999994,True,3,2012,12,52.94117647058824,,,,,2012-03-12
43.8154,True,3,2012,17,64.70588235294117,,,,,2012-03-17
46.7626,True,3,2012,22,88.23529411764706,,,,,2012-03-22
44.9854,True,3,2012,27,76.47058823529412,,,,,2012-03-27
43.861399999999996,True,4,2012,1,58.82352941176471,,,,,2012-04-01
42.8072,True,4,2012,6,52.94117647058824,,,,,2012-04-06
42.994600000000005,True,4,2012,11,52.94117647058824,,,,,2012-04-11
45.284,True,4,2012,16,82.35294117647058,,,,,2012-04-16
41.532,True,4,2012,21,41.17647058823529,,,,,2012-04-21
40.2996,True,4,2012,26,23.52941176470588,,,,,2012-04-26
45.958600000000004,True,5,2012,1,76.47058823529412,,,,,2012-05-01
43.2838,True,5,2012,6,70.58823529411765,,before,,,2012-05-06
38.9784,True,5,2012,11,35.294117647058826,35.294117647058826,onset,,,2012-05-11
34.9898,True,5,2012,16,29.411764705882355,29.411764705882355,onset,,,2012-05-16
31.105399999999996,True,5,2012,21,23.52941176470588,23.52941176470588,onset,,,2012-05-21
28.125400000000003,True,5,2012,26,17.647058823529413,17.647058823529413,onset,,,2012-05-26
25.6786,True,5,2012,31,16.666666666666664,16.666666666666664,recovery,,,2012-05-31
24.4868,True,6,2012,5,22.22222222222222,22.22222222222222,recovery,,,2012-06-05
24.9698,True,6,2012,10,11.11111111111111,,after,,,2012-06-10
25.6188,True,6,2012,15,27.77777777777778,,,,,2012-06-15
23.883000000000003,True,6,2012,20,22.22222222222222,,,,,2012-06-20
22.8512,True,6,2012,25,16.666666666666664,,,,,2012-06-25
22.478,True,6,2012,30,16.666666666666664,,,,,2012-06-30
22.0854,True,7,2012,5,22.22222222222222,,,,,2012-07-05
22.6164,True,7,2012,10,27.77777777777778,,,,,2012-07-10
21.750999999999998,True,7,2012,15,22.22222222222222,,,,,2012-07-15
21.4704,True,7,2012,20,22.22222222222222,,,,,2012-07-20
21.2524,True,7,2012,25,27.77777777777778,,,,,2012-07-25
21.5134,True,7,2012,30,33.33333333333333,,,,,2012-07-30
21.0834,True,8,2012,4,22.22222222222222,,,,,2012-08-04
20.7544,True,8,2012,9,27.77777777777778,,,,,2012-08-09
20.188200000000002,True,8,2012,14,22.22222222222222,,,,,2012-08-14
19.8774,True,8,2012,19,16.666666666666664,,,,,2012-08-19
19.8888,True,8,2012,24,11.11111111111111,,,,,2012-08-24
24.765800000000002,True,8,2012,29,33.33333333333333,,,,,2012-08-29
33.908,True,9,2012,3,77.77777777777779,,,,,2012-09-03
31.6038,True,9,2012,8,72.22222222222221,,,,,2012-09-08
28.486399999999996,True,9,2012,13,61.111111111111114,,,,,2012-09-13
25.941399999999998,True,9,2012,18,44.44444444444444,,,,,2012-09-18
23.823,True,9,2012,23,44.44444444444444,,,,,2012-09-23
25.0854,True,9,2012,28,55.55555555555556,,,,,2012-09-28
23.1118,True,10,2012,3,38.88888888888889,,,,,2012-10-03
21.7552,True,10,2012,8,33.33333333333333,,,,,2012-10-08
25.8536,True,10,2012,13,33.33333333333333,,,,,2012-10-13
29.089999999999996,True,10,2012,18,44.44444444444444,,,,,2012-10-18
33.1402,True,10,2012,23,55.55555555555556,,,,,2012-10-23
32.2288,True,10,2012,28,50.0,,,,,2012-10-28
31.386400000000002,True,11,2012,2,50.0,,,,,2012-11-02
31.107400000000002,True,11,2012,7,55.55555555555556,,,,,2012-11-07
35.571600000000004,True,11,2012,12,66.66666666666666,,,,,2012-11-12
34.3664,True,11,2012,17,50.0,,,,,2012-11-17
33.4834,True,11,2012,22,38.88888888888889,,,,,2012-11-22
32.1404,True,11,2012,27,27.77777777777778,,,,,2012-11-27
33.9446,True,12,2012,2,27.77777777777778,,,,,2012-12-02
34.6894,True,12,2012,7,33.33333333333333,,,,,2012-12-07
34.197199999999995,True,12,2012,12,33.33333333333333,,,,,2012-12-12
35.806799999999996,True,12,2012,17,33.33333333333333,,,,,2012-12-17
35.968399999999995,True,12,2012,22,38.88888888888889,,,,,2012-12-22
34.955200000000005,True,12,2012,27,22.22222222222222,,,,,2012-12-27
35.521,True,1,2013,1,27.27272727272727,,,,,2013-01-01
35.772800000000004,False,1,2013,1,31.818181818181817,,,,,2013-01-01
36.229200000000006,False,1,2013,6,29.411764705882355,,,,,2013-01-06
37.5266,False,1,2013,11,41.17647058823529,,,,,2013-01-11
37.525,False,1,2013,16,35.294117647058826,,,,,2013-01-16
35.6576,False,1,2013,21,35.294117647058826,,,,,2013-01-21
38.3966,False,1,2013,26,41.17647058823529,,,,,2013-01-26
37.4682,False,1,2013,31,41.17647058823529,,,,,2013-01-31
37.595,False,2,2013,5,35.294117647058826,,,,,2013-02-05
38.645799999999994,False,2,2013,10,52.94117647058824,,,,,2013-02-10
37.4274,False,2,2013,15,41.17647058823529,,,,,2013-02-15
37.1592,False,2,2013,20,23.52941176470588,,,,,2013-02-20
38.36,False,2,2013,25,35.294117647058826,,,,,2013-02-25
39.0578,False,3,2013,2,58.82352941176471,,,,,2013-03-02
43.3274,False,3,2013,7,82.35294117647058,,,,,2013-03-07
40.618,False,3,2013,12,41.17647058823529,,,,,2013-03-12
40.705200000000005,False,3,2013,17,47.05882352941176,,,,,2013-03-17
39.9656,False,3,2013,22,47.05882352941176,,,,,2013-03-22
42.7684,False,3,2013,27,47.05882352941176,,,,,2013-03-27
40.3794,False,4,2013,1,23.52941176470588,,,,,2013-04-01
41.7328,False,4,2013,6,47.05882352941176,,,,,2013-04-06
44.007799999999996,False,4,2013,11,58.82352941176471,,,,,2013-04-11
45.2038,False,4,2013,16,76.47058823529412,,,,,2013-04-16
43.2832,False,4,2013,21,64.70588235294117,,,,,2013-04-21
43.252599999999994,False,4,2013,26,52.94117647058824,,,,,2013-04-26
44.1086,False,5,2013,1,47.05882352941176,,,,,2013-05-01
42.8384,False,5,2013,6,52.94117647058824,,,,,2013-05-06
40.6814,False,5,2013,11,52.94117647058824,,,,,2013-05-11
39.202,False,5,2013,16,47.05882352941176,,,,,2013-05-16
41.9602,False,5,2013,21,47.05882352941176,,,,,2013-05-21
44.5052,False,5,2013,26,76.47058823529412,,,,,2013-05-26
46.117200000000004,False,5,2013,31,88.88888888888889,,,,,2013-05-31
42.1882,False,6,2013,5,66.66666666666666,,,,,2013-06-05
38.7118,False,6,2013,10,61.111111111111114,,,,,2013-06-10
41.9224,False,6,2013,15,72.22222222222221,,,,,2013-06-15
38.2652,False,6,2013,20,55.55555555555556,,,,,2013-06-20
34.772000000000006,False,6,2013,25,61.111111111111114,,,,,2013-06-25
30.1762,False,6,2013,30,33.33333333333333,,,,,2013-06-30
27.148199999999996,False,7,2013,5,33.33333333333333,,,,,2013-07-05
27.107400000000002,False,7,2013,10,38.88888888888889,,,,,2013-07-10
27.939600000000002,False,7,2013,15,61.111111111111114,,,,,2013-07-15
26.3716,False,7,2013,20,50.0,,,,,2013-07-20
25.4808,False,7,2013,25,50.0,,,,,2013-07-25
25.0336,False,7,2013,30,55.55555555555556,,,,,2013-07-30
25.0094,False,8,2013,4,44.44444444444444,,,,,2013-08-04
25.603199999999998,False,8,2013,9,44.44444444444444,,,,,2013-08-09
24.8024,False,8,2013,14,44.44444444444444,,before,,,2013-08-14
23.0432,False,8,2013,19,33.33333333333333,33.33333333333333,onset,,,2013-08-19
22.5824,False,8,2013,24,27.77777777777778,27.77777777777778,onset,,,2013-08-24
22.2138,False,8,2013,29,11.11111111111111,11.11111111111111,onset,,,2013-08-29
21.346799999999998,False,9,2013,3,22.22222222222222,22.22222222222222,recovery,,,2013-09-03
25.281399999999998,False,9,2013,8,38.88888888888889,,after,,,2013-09-08
22.226,False,9,2013,13,33.33333333333333,,,,,2013-09-13
24.9374,False,9,2013,18,38.88888888888889,,,,,2013-09-18
22.651400000000002,False,9,2013,23,38.88888888888889,,,,,2013-09-23
21.5518,False,9,2013,28,27.77777777777778,,,,,2013-09-28
22.3368,False,10,2013,3,27.77777777777778,,,,,2013-10-03
21.0274,False,10,2013,8,22.22222222222222,,,,,2013-10-08
20.6214,False,10,2013,13,11.11111111111111,,,,,2013-10-13
19.943,False,10,2013,18,11.11111111111111,,,,,2013-10-18
19.2618,False,10,2013,23,5.555555555555555,,,,,2013-10-23
24.3494,False,10,2013,28,11.11111111111111,,,,,2013-10-28
28.3996,False,11,2013,2,27.77777777777778,,,,,2013-11-02
30.155399999999997,False,11,2013,7,44.44444444444444,,,,before,2013-11-07
28.974200000000003,False,11,2013,12,27.77777777777778,,,27.77777777777778,onset,2013-11-12
29.320800000000002,False,11,2013,17,22.22222222222222,,,22.22222222222222,onset,2013-11-17
29.590999999999998,False,11,2013,22,22.22222222222222,,,22.22222222222222,onset,2013-11-22
28.9284,False,11,2013,27,22.22222222222222,,,22.22222222222222,onset,2013-11-27
29.086599999999997,False,12,2013,2,22.22222222222222,,,22.22222222222222,onset,2013-12-02
27.745799999999996,False,12,2013,7,22.22222222222222,,,22.22222222222222,onset,2013-12-07
31.4786,False,12,2013,12,22.22222222222222,,,22.22222222222222,onset,2013-12-12
34.2178,False,12,2013,17,27.77777777777778,,,27.77777777777778,onset,2013-12-17
33.192,False,12,2013,22,27.77777777777778,,,27.77777777777778,onset,2013-12-22
35.0476,False,12,2013,27,27.77777777777778,,,27.77777777777778,onset,2013-12-27
34.8162,False,1,2014,1,22.727272727272727,,,22.727272727272727,onset,2014-01-01
35.439,False,1,2014,6,23.52941176470588,,,23.52941176470588,onset,2014-01-06
37.2322,False,1,2014,11,35.294117647058826,,,35.294117647058826,onset,2014-01-11
35.185199999999995,False,1,2014,16,23.52941176470588,,,23.52941176470588,onset,2014-01-16
33.42659999999999,False,1,2014,21,17.647058823529413,,,17.647058823529413,onset,2014-01-21
31.805200000000003,False,1,2014,26,17.647058823529413,,,17.647058823529413,recovery,2014-01-26
32.611000000000004,False,1,2014,31,17.647058823529413,,,17.647058823529413,recovery,2014-01-31
32.7478,False,2,2014,5,23.52941176470588,,,23.52941176470588,recovery,2014-02-05
33.4776,False,2,2014,10,23.52941176470588,,,,after,2014-02-10
36.6014,False,2,2014,15,29.411764705882355,,,,,2014-02-15
37.6356,False,2,2014,20,35.294117647058826,,,,,2014-02-20
35.2378,False,2,2014,25,17.647058823529413,,,,,2014-02-25
33.501999999999995,False,3,2014,2,17.647058823529413,,,,,2014-03-02
36.2966,False,3,2014,7,17.647058823529413,,,,,2014-03-07
38.4368,False,3,2014,12,23.52941176470588,,,,,2014-03-12
36.6242,False,3,2014,17,23.52941176470588,,,,,2014-03-17
35.3238,False,3,2014,22,17.647058823529413,,,,,2014-03-22
36.1288,False,3,2014,27,11.76470588235294,,,,,2014-03-27
42.4708,False,4,2014,1,52.94117647058824,,,,,2014-04-01
39.778800000000004,False,4,2014,6,29.411764705882355,,,,,2014-04-06
40.1982,False,4,2014,11,23.52941176470588,,,,,2014-04-11
39.693200000000004,False,4,2014,16,29.411764705882355,,,,,2014-04-16
40.5148,False,4,2014,21,35.294117647058826,,,,,2014-04-21
42.4276,False,4,2014,26,41.17647058823529,,,,,2014-04-26
40.464800000000004,False,5,2014,1,23.52941176470588,,,,,2014-05-01
38.8568,False,5,2014,6,23.52941176470588,,,,,2014-05-06
40.476,False,5,2014,11,47.05882352941176,,,,,2014-05-11
38.792,False,5,2014,16,41.17647058823529,,,,,2014-05-16
35.9262,False,5,2014,21,29.411764705882355,,,,,2014-05-21
38.853,False,5,2014,26,35.294117647058826,,,,,2014-05-26
36.7008,False,5,2014,31,33.33333333333333,,,,,2014-05-31
42.3338,False,6,2014,5,72.22222222222221,,,,,2014-06-05
44.7664,False,6,2014,10,72.22222222222221,,,,,2014-06-10
40.459,False,6,2014,15,61.111111111111114,,,,,2014-06-15
39.5852,False,6,2014,20,72.22222222222221,,,,,2014-06-20
37.3156,False,6,2014,25,66.66666666666666,,,,,2014-06-25
32.1846,False,6,2014,30,55.55555555555556,,,,,2014-06-30
31.366200000000003,False,7,2014,5,50.0,,,,,2014-07-05
30.248200000000004,False,7,2014,10,61.111111111111114,,,,,2014-07-10
25.8056,False,7,2014,15,50.0,,,,,2014-07-15
23.9072,False,7,2014,20,38.88888888888889,,,,,2014-07-20
22.791999999999998,False,7,2014,25,33.33333333333333,,,,,2014-07-25
21.8336,False,7,2014,30,38.88888888888889,,,,,2014-07-30
23.8006,False,8,2014,4,38.88888888888889,,,,,2014-08-04
25.039,False,8,2014,9,38.88888888888889,,,,,2014-08-09
23.7034,False,8,2014,14,33.33333333333333,,,,,2014-08-14
23.456200000000003,False,8,2014,19,38.88888888888889,,,,,2014-08-19
22.017599999999998,False,8,2014,24,22.22222222222222,,,,,2014-08-24
24.7612,False,8,2014,29,27.77777777777778,,,,,2014-08-29
33.9188,False,9,2014,3,83.33333333333334,,,,,2014-09-03
30.632799999999996,False,9,2014,8,66.66666666666666,,,,,2014-09-08
26.659399999999998,False,9,2014,13,55.55555555555556,,,,,2014-09-13
23.781,False,9,2014,18,27.77777777777778,,,,,2014-09-18
21.2578,False,9,2014,23,27.77777777777778,,,,,2014-09-23
26.1666,False,9,2014,28,61.111111111111114,,,,,2014-09-28
40.175599999999996,False,10,2014,3,83.33333333333334,,,,,2014-10-03
41.8916,False,10,2014,8,88.88888888888889,,,,,2014-10-08
44.861200000000004,False,10,2014,13,94.44444444444444,,,,,2014-10-13
40.2356,False,10,2014,18,88.88888888888889,,,,,2014-10-18
39.0766,False,10,2014,23,88.88888888888889,,,,,2014-10-23
38.5514,False,10,2014,28,88.88888888888889,,,,,2014-10-28
38.1868,False,11,2014,2,77.77777777777779,,,,,2014-11-02
37.5852,False,11,2014,7,77.77777777777779,,,,,2014-11-07
35.487399999999994,False,11,2014,12,55.55555555555556,,,,,2014-11-12
34.3118,False,11,2014,17,44.44444444444444,,,,,2014-11-17
39.131,False,11,2014,22,72.22222222222221,,,,,2014-11-22
39.3528,False,11,2014,27,66.66666666666666,,,,,2014-11-27
40.7306,False,12,2014,2,83.33333333333334,,,,,2014-12-02
43.321,False,12,2014,7,83.33333333333334,,,,,2014-12-07
41.6234,False,12,2014,12,77.77777777777779,,,,,2014-12-12
41.0418,False,12,2014,17,83.33333333333334,,,,,2014-12-17
42.446600000000004,False,12,2014,22,83.33333333333334,,,,,2014-12-22
40.5946,False,12,2014,27,66.66666666666666,,,,,2014-12-27
40.6268,False,1,2015,1,72.72727272727273,,,,,2015-01-01
37.059000000000005,False,1,2015,6,35.294117647058826,,,,,2015-01-06
34.861599999999996,False,1,2015,11,23.52941176470588,,,,,2015-01-11
38.092,False,1,2015,16,41.17647058823529,,,,,2015-01-16
39.3842,False,1,2015,21,52.94117647058824,,,,,2015-01-21
39.462599999999995,False,1,2015,26,58.82352941176471,,,,,2015-01-26
41.6474,False,1,2015,31,70.58823529411765,,,,,2015-01-31
40.53,False,2,2015,5,58.82352941176471,,,,,2015-02-05
39.4628,False,2,2015,10,64.70588235294117,,,,,2015-02-10
37.6924,False,2,2015,15,47.05882352941176,,,,,2015-02-15
37.217200000000005,False,2,2015,20,29.411764705882355,,,,,2015-02-20
36.0796,False,2,2015,25,23.52941176470588,,,,,2015-02-25
37.76219999999999,False,3,2015,2,29.411764705882355,,,,,2015-03-02
41.477,False,3,2015,7,58.82352941176471,,,,,2015-03-07
41.762,False,3,2015,12,47.05882352941176,,,,,2015-03-12
41.803399999999996,False,3,2015,17,58.82352941176471,,,,,2015-03-17
43.1318,False,3,2015,22,58.82352941176471,,,,,2015-03-22
43.2804,False,3,2015,27,58.82352941176471,,,,,2015-03-27
45.6472,False,4,2015,1,82.35294117647058,,,,,2015-04-01
45.7028,False,4,2015,6,82.35294117647058,,,,,2015-04-06
44.031,False,4,2015,11,64.70588235294117,,,,,2015-04-11
43.7946,False,4,2015,16,64.70588235294117,,,,,2015-04-16
43.1456,False,4,2015,21,58.82352941176471,,,,,2015-04-21
42.7992,False,4,2015,26,47.05882352941176,,,,,2015-04-26
41.0406,False,5,2015,1,29.411764705882355,,,,,2015-05-01
42.9072,False,5,2015,6,58.82352941176471,,,,,2015-05-06
44.7784,False,5,2015,11,76.47058823529412,,,,,2015-05-11
46.629599999999996,False,5,2015,16,88.23529411764706,,,,,2015-05-16
45.7608,False,5,2015,21,82.35294117647058,,,,,2015-05-21
47.305600000000005,False,5,2015,26,94.11764705882352,,,,,2015-05-26
47.2704,False,5,2015,31,94.44444444444444,,,,,2015-05-31
46.8936,False,6,2015,5,94.44444444444444,,,,,2015-06-05
45.5758,False,6,2015,10,77.77777777777779,,,,,2015-06-10
49.699200000000005,False,6,2015,15,88.88888888888889,,,,,2015-06-15
46.999,False,6,2015,20,88.88888888888889,,,,,2015-06-20
45.6582,False,6,2015,25,88.88888888888889,,,,,2015-06-25
46.3292,False,6,2015,30,94.44444444444444,,,,,2015-06-30
46.0778,False,7,2015,5,94.44444444444444,,,,,2015-07-05
46.2602,False,7,2015,10,94.44444444444444,,,,,2015-07-10
42.7552,False,7,2015,15,83.33333333333334,,,,,2015-07-15
44.372,False,7,2015,20,83.33333333333334,,,,,2015-07-20
44.178200000000004,False,7,2015,25,88.88888888888889,,,,,2015-07-25
38.6628,False,7,2015,30,83.33333333333334,,,,,2015-07-30
36.0312,False,8,2015,4,77.77777777777779,,,,,2015-08-04
32.9912,False,8,2015,9,77.77777777777779,,,,,2015-08-09
29.390800000000002,False,8,2015,14,55.55555555555556,,,,,2015-08-14
33.7938,False,8,2015,19,83.33333333333334,,,,,2015-08-19
32.293,False,8,2015,24,83.33333333333334,,,,,2015-08-24
28.8128,False,8,2015,29,66.66666666666666,,,,,2015-08-29
25.593799999999998,False,9,2015,3,55.55555555555556,,,,,2015-09-03
25.9206,False,9,2015,8,44.44444444444444,,,,,2015-09-08
24.2834,False,9,2015,13,44.44444444444444,,,,before,2015-09-13
22.441,False,9,2015,18,22.22222222222222,,,22.22222222222222,onset,2015-09-18
21.5504,False,9,2015,23,33.33333333333333,,,33.33333333333333,onset,2015-09-23
20.7612,False,9,2015,28,22.22222222222222,,,22.22222222222222,onset,2015-09-28
20.1244,False,10,2015,3,16.666666666666664,,,16.666666666666664,onset,2015-10-03
20.085,False,10,2015,8,16.666666666666664,,,16.666666666666664,onset,2015-10-08
19.4392,False,10,2015,13,5.555555555555555,,,5.555555555555555,onset,2015-10-13
19.247,False,10,2015,18,5.555555555555555,,,5.555555555555555,recovery,2015-10-18
19.3746,False,10,2015,23,11.11111111111111,,,11.11111111111111,recovery,2015-10-23
21.436,False,10,2015,28,5.555555555555555,,,5.555555555555555,recovery,2015-10-28
22.866,False,11,2015,2,11.11111111111111,,,11.11111111111111,recovery,2015-11-02
24.3676,False,11,2015,7,11.11111111111111,,,11.11111111111111,recovery,2015-11-07
24.1666,False,11,2015,12,5.555555555555555,,,5.555555555555555,recovery,2015-11-12
40.2802,False,11,2015,17,88.88888888888889,,,88.88888888888889,recovery,2015-11-17
38.2666,False,11,2015,22,61.111111111111114,,,,after,2015-11-22
43.3794,False,11,2015,27,83.33333333333334,,,,,2015-11-27
39.8608,False,12,2015,2,77.77777777777779,,,,,2015-12-02
38.6776,False,12,2015,7,66.66666666666666,,,,,2015-12-07
43.034000000000006,False,12,2015,12,83.33333333333334,,,,,2015-12-12
39.949,False,12,2015,17,77.77777777777779,,,,,2015-12-17
40.824400000000004,False,12,2015,22,77.77777777777779,,,,,2015-12-22
44.202999999999996,False,12,2015,27,83.33333333333334,,,,,2015-12-27
40.4476,True,1,2016,1,68.18181818181817,,,,,2016-01-01
41.2034,True,1,2016,6,76.47058823529412,,,,,2016-01-06
41.044399999999996,True,1,2016,11,70.58823529411765,,,,,2016-01-11
38.2168,True,1,2016,16,47.05882352941176,,,,,2016-01-16
37.644600000000004,True,1,2016,21,47.05882352941176,,,,,2016-01-21
39.4604,True,1,2016,26,52.94117647058824,,,,,2016-01-26
39.0556,True,1,2016,31,52.94117647058824,,,,,2016-01-31
37.6352,True,2,2016,5,41.17647058823529,,,,,2016-02-05
35.97580000000001,True,2,2016,10,35.294117647058826,,,,,2016-02-10
39.743,True,2,2016,15,58.82352941176471,,,,,2016-02-15
39.828199999999995,True,2,2016,20,47.05882352941176,,,,,2016-02-20
38.618249999999996,True,2,2016,25,41.17647058823529,,,,,2016-02-25
38.544,True,3,2016,2,35.294117647058826,,,,,2016-03-02
41.1586,True,3,2016,7,47.05882352941176,,,,,2016-03-07
43.566199999999995,True,3,2016,12,64.70588235294117,,,,,2016-03-12
41.0852,True,3,2016,17,52.94117647058824,,,,,2016-03-17
39.3384,True,3,2016,22,29.411764705882355,,,,,2016-03-22
39.9394,True,3,2016,27,23.52941176470588,,,,,2016-03-27
41.1944,True,4,2016,1,35.294117647058826,,,,,2016-04-01
39.226600000000005,True,4,2016,6,23.52941176470588,,,,,2016-04-06
41.784800000000004,True,4,2016,11,29.411764705882355,,,,,2016-04-11
40.814,True,4,2016,16,41.17647058823529,,,,,2016-04-16
40.4202,True,4,2016,21,29.411764705882355,,,,,2016-04-21
43.470600000000005,True,4,2016,26,58.82352941176471,,,,,2016-04-26
44.4828,True,5,2016,1,52.94117647058824,,,,,2016-05-01
40.163,True,5,2016,6,29.411764705882355,,,,,2016-05-06
37.6944,True,5,2016,11,23.52941176470588,,,,,2016-05-11
38.2498,True,5,2016,16,35.294117647058826,,,,,2016-05-16
38.56,True,5,2016,21,35.294117647058826,,,,,2016-05-21
43.2208,True,5,2016,26,41.17647058823529,,,,,2016-05-26
41.1694,True,5,2016,31,66.66666666666666,,,,,2016-05-31
36.8088,True,6,2016,5,44.44444444444444,,,,,2016-06-05
32.522800000000004,True,6,2016,10,38.88888888888889,,,,,2016-06-10
28.517000000000003,True,6,2016,15,33.33333333333333,,,,,2016-06-15
26.2,True,6,2016,20,33.33333333333333,,,,,2016-06-20
25.0992,True,6,2016,25,22.22222222222222,,,,,2016-06-25
31.312400000000004,True,6,2016,30,50.0,,,,,2016-06-30
42.6884,True,7,2016,5,72.22222222222221,,,,,2016-07-05
41.967,True,7,2016,10,77.77777777777779,,,,,2016-07-10
41.443799999999996,True,7,2016,15,77.77777777777779,,,,,2016-07-15
34.5108,True,7,2016,20,61.111111111111114,,,,,2016-07-20
33.455200000000005,True,7,2016,25,72.22222222222221,,,,,2016-07-25
36.882799999999996,True,7,2016,30,72.22222222222221,,,,,2016-07-30
42.558800000000005,True,8,2016,4,94.44444444444444,,,,,2016-08-04
36.181799999999996,True,8,2016,9,88.88888888888889,,,,,2016-08-09
36.6576,True,8,2016,14,94.44444444444444,,,,,2016-08-14
31.9192,True,8,2016,19,66.66666666666666,,,,,2016-08-19
28.787,True,8,2016,24,44.44444444444444,,,,,2016-08-24
26.6786,True,8,2016,29,50.0,,,,,2016-08-29
25.159,True,9,2016,3,50.0,,,,,2016-09-03
38.843599999999995,True,9,2016,8,88.88888888888889,,,,,2016-09-08
39.8204,True,9,2016,13,88.88888888888889,,,,,2016-09-13
40.9058,True,9,2016,18,88.88888888888889,,,,,2016-09-18
34.5346,True,9,2016,23,77.77777777777779,,,,,2016-09-23
29.1334,True,9,2016,28,77.77777777777779,,,,,2016-09-28
27.1342,True,10,2016,3,66.66666666666666,,,,,2016-10-03
26.299200000000003,True,10,2016,8,55.55555555555556,,,,before,2016-10-08
24.8996,True,10,2016,13,27.77777777777778,,,27.77777777777778,onset,2016-10-13
26.324599999999997,True,10,2016,18,27.77777777777778,,,27.77777777777778,onset,2016-10-18
27.0858,True,10,2016,23,33.33333333333333,,,33.33333333333333,onset,2016-10-23
26.1418,True,10,2016,28,22.22222222222222,,,22.22222222222222,onset,2016-10-28
26.8594,True,11,2016,2,16.666666666666664,,,16.666666666666664,onset,2016-11-02
26.981,True,11,2016,7,16.666666666666664,,,16.666666666666664,onset,2016-11-07
26.272199999999998,True,11,2016,12,11.11111111111111,,,11.11111111111111,onset,2016-11-12
25.7186,True,11,2016,17,5.555555555555555,,,5.555555555555555,onset,2016-11-17
24.5314,True,11,2016,22,5.555555555555555,,,5.555555555555555,recovery,2016-11-22
24.1094,True,11,2016,27,5.555555555555555,,,5.555555555555555,recovery,2016-11-27
23.4164,True,12,2016,2,5.555555555555555,,,5.555555555555555,recovery,2016-12-02
23.2362,True,12,2016,7,5.555555555555555,,,5.555555555555555,recovery,2016-12-07
23.1158,True,12,2016,12,5.555555555555555,,,5.555555555555555,recovery,2016-12-12
21.9226,True,12,2016,17,5.555555555555555,,,5.555555555555555,recovery,2016-12-17
22.906399999999998,True,12,2016,22,5.555555555555555,,,5.555555555555555,recovery,2016-12-22
25.3202,True,12,2016,27,11.11111111111111,,,11.11111111111111,recovery,2016-12-27
25.392,True,1,2017,1,13.636363636363635,,,13.636363636363635,recovery,2017-01-01
25.0734,False,1,2017,1,9.090909090909092,,,9.090909090909092,recovery,2017-01-01
22.9882,False,1,2017,6,11.76470588235294,,,11.76470588235294,recovery,2017-01-06
25.029000000000003,False,1,2017,11,5.88235294117647,,,5.88235294117647,recovery,2017-01-11
28.951600000000003,False,1,2017,16,17.647058823529413,,,17.647058823529413,recovery,2017-01-16
30.651400000000002,False,1,2017,21,11.76470588235294,,,11.76470588235294,recovery,2017-01-21
29.924200000000003,False,1,2017,26,5.88235294117647,,,5.88235294117647,recovery,2017-01-26
29.985000000000003,False,1,2017,31,11.76470588235294,,,11.76470588235294,recovery,2017-01-31
29.9124,False,2,2017,5,11.76470588235294,,,11.76470588235294,recovery,2017-02-05
29.911399999999997,False,2,2017,10,11.76470588235294,,,11.76470588235294,recovery,2017-02-10
29.7226,False,2,2017,15,11.76470588235294,,,11.76470588235294,recovery,2017-02-15
30.1798,False,2,2017,20,11.76470588235294,,,11.76470588235294,recovery,2017-02-20
29.651599999999995,False,2,2017,25,11.76470588235294,,,11.76470588235294,recovery,2017-02-25
31.473599999999998,False,3,2017,2,11.76470588235294,,,11.76470588235294,recovery,2017-03-02
34.597,False,3,2017,7,11.76470588235294,,,11.76470588235294,recovery,2017-03-07
34.3234,False,3,2017,12,11.76470588235294,,,11.76470588235294,recovery,2017-03-12
34.2956,False,3,2017,17,11.76470588235294,,,11.76470588235294,recovery,2017-03-17
35.2278,False,3,2017,22,11.76470588235294,,,11.76470588235294,recovery,2017-03-22
41.2586,False,3,2017,27,29.411764705882355,,,29.411764705882355,recovery,2017-03-27
41.274,False,4,2017,1,41.17647058823529,,,,after,2017-04-01
40.4932,False,4,2017,6,41.17647058823529,,,,,2017-04-06
38.507600000000004,False,4,2017,11,11.76470588235294,,,,,2017-04-11
37.7598,False,4,2017,16,17.647058823529413,,,,,2017-04-16
36.3558,False,4,2017,21,17.647058823529413,,,,,2017-04-21
43.492599999999996,False,4,2017,26,64.70588235294117,,,,,2017-04-26
45.9886,False,5,2017,1,82.35294117647058,,,,,2017-05-01
42.447199999999995,False,5,2017,6,41.17647058823529,,,,,2017-05-06
39.519999999999996,False,5,2017,11,41.17647058823529,,,,,2017-05-11
40.9028,False,5,2017,16,52.94117647058824,,,,,2017-05-16
43.589600000000004,False,5,2017,21,70.58823529411765,,,,,2017-05-21
43.582,False,5,2017,26,58.82352941176471,,,,,2017-05-26
40.6794,False,5,2017,31,61.111111111111114,,,,,2017-05-31
40.1274,False,6,2017,5,55.55555555555556,,,,,2017-06-05
35.144,False,6,2017,10,50.0,,,,,2017-06-10
40.967,False,6,2017,15,66.66666666666666,,,,,2017-06-15
38.5246,False,6,2017,20,66.66666666666666,,,,,2017-06-20
32.3502,False,6,2017,25,44.44444444444444,,,,,2017-06-25
30.5534,False,6,2017,30,38.88888888888889,,,,,2017-06-30
35.313,False,7,2017,5,61.111111111111114,,,,,2017-07-05
29.3984,False,7,2017,10,44.44444444444444,,,,,2017-07-10
25.5064,False,7,2017,15,44.44444444444444,,,,,2017-07-15
23.7164,False,7,2017,20,33.33333333333333,,,,,2017-07-20
25.982999999999997,False,7,2017,25,55.55555555555556,,,,,2017-07-25
23.66,False,7,2017,30,44.44444444444444,,,,,2017-07-30
26.3028,False,8,2017,4,61.111111111111114,,,,,2017-08-04
24.971,False,8,2017,9,33.33333333333333,,,,,2017-08-09
27.9954,False,8,2017,14,50.0,,,,,2017-08-14
32.089,False,8,2017,19,72.22222222222221,,,,,2017-08-19
31.0936,False,8,2017,24,77.77777777777779,,,,,2017-08-24
27.000400000000003,False,8,2017,29,55.55555555555556,,before,,,2017-08-29
22.5822,False,9,2017,3,38.88888888888889,38.88888888888889,onset,,,2017-09-03
21.017000000000003,False,9,2017,8,22.22222222222222,22.22222222222222,onset,,,2017-09-08
21.2666,False,9,2017,13,16.666666666666664,16.666666666666664,onset,,,2017-09-13
33.6764,False,9,2017,18,72.22222222222221,72.22222222222221,recovery,,,2017-09-18
27.79,False,9,2017,23,72.22222222222221,,after,,,2017-09-23
22.482400000000002,False,9,2017,28,38.88888888888889,,,,,2017-09-28
30.174,False,10,2017,3,72.22222222222221,,,,,2017-10-03
30.9192,False,10,2017,8,66.66666666666666,,,,,2017-10-08
34.9812,False,10,2017,13,72.22222222222221,,,,,2017-10-13
34.8886,False,10,2017,18,72.22222222222221,,,,,2017-10-18
34.4048,False,10,2017,23,77.77777777777779,,,,before,2017-10-23
30.93,False,10,2017,28,38.88888888888889,,,38.88888888888889,onset,2017-10-28
30.246,False,11,2017,2,38.88888888888889,,,38.88888888888889,onset,2017-11-02
28.4458,False,11,2017,7,27.77777777777778,,,27.77777777777778,onset,2017-11-07
27.820999999999998,False,11,2017,12,16.666666666666664,,,16.666666666666664,onset,2017-11-12
27.4446,False,11,2017,17,11.11111111111111,,,11.11111111111111,onset,2017-11-17
26.954200000000004,False,11,2017,22,11.11111111111111,,,11.11111111111111,onset,2017-11-22
26.6216,False,11,2017,27,11.11111111111111,,,11.11111111111111,onset,2017-11-27
25.751800000000003,False,12,2017,2,11.11111111111111,,,11.11111111111111,onset,2017-12-02
24.1242,False,12,2017,7,11.11111111111111,,,11.11111111111111,onset,2017-12-07
23.7374,False,12,2017,12,11.11111111111111,,,11.11111111111111,onset,2017-12-12
23.808600000000002,False,12,2017,17,11.11111111111111,,,11.11111111111111,onset,2017-12-17
23.0026,False,12,2017,22,11.11111111111111,,,11.11111111111111,onset,2017-12-22
21.7608,False,12,2017,27,5.555555555555555,,,5.555555555555555,onset,2017-12-27
18.7316,False,1,2018,1,4.545454545454546,,,4.545454545454546,onset,2018-01-01
22.074199999999998,False,1,2018,6,5.88235294117647,,,5.88235294117647,recovery,2018-01-06
25.336000000000002,False,1,2018,11,11.76470588235294,,,11.76470588235294,recovery,2018-01-11
22.5168,False,1,2018,16,5.88235294117647,,,5.88235294117647,recovery,2018-01-16
34.0232,False,1,2018,21,23.52941176470588,,,23.52941176470588,recovery,2018-01-21
34.882400000000004,False,1,2018,26,23.52941176470588,,,,after,2018-01-26
33.464600000000004,False,1,2018,31,23.52941176470588,,,,,2018-01-31
32.0646,False,2,2018,5,17.647058823529413,,,,,2018-02-05
31.636000000000003,False,2,2018,10,17.647058823529413,,,,,2018-02-10
33.486000000000004,False,2,2018,15,17.647058823529413,,,,,2018-02-15
40.1106,False,2,2018,20,52.94117647058824,,,,,2018-02-20
38.868,False,2,2018,25,47.05882352941176,,,,,2018-02-25
38.553399999999996,False,3,2018,2,41.17647058823529,,,,,2018-03-02
38.314800000000005,False,3,2018,7,29.411764705882355,,,,,2018-03-07
38.8928,False,3,2018,12,29.411764705882355,,,,,2018-03-12
40.4896,False,3,2018,17,35.294117647058826,,,,,2018-03-17
39.9462,False,3,2018,22,41.17647058823529,,,,,2018-03-22
41.687799999999996,False,3,2018,27,41.17647058823529,,,,,2018-03-27
39.9346,False,4,2018,1,17.647058823529413,,,,,2018-04-01
38.7848,False,4,2018,6,17.647058823529413,,,,,2018-04-06
39.052,False,4,2018,11,17.647058823529413,,,,,2018-04-11
37.8486,False,4,2018,16,23.52941176470588,,,,,2018-04-16
37.1404,False,4,2018,21,23.52941176470588,,,,,2018-04-21
36.5928,False,4,2018,26,17.647058823529413,,,,,2018-04-26
39.4124,False,5,2018,1,17.647058823529413,,,,,2018-05-01
38.7932,False,5,2018,6,17.647058823529413,,,,,2018-05-06
35.3226,False,5,2018,11,17.647058823529413,,,,,2018-05-11
34.2616,False,5,2018,16,23.52941176470588,,,,,2018-05-16
38.900999999999996,False,5,2018,21,41.17647058823529,,,,before,2018-05-21
35.072,False,5,2018,26,23.52941176470588,,,23.52941176470588,onset,2018-05-26
31.836599999999997,False,5,2018,31,27.77777777777778,,,27.77777777777778,onset,2018-05-31
28.8924,False,6,2018,5,27.77777777777778,,,27.77777777777778,onset,2018-06-05
25.9026,False,6,2018,10,16.666666666666664,,,16.666666666666664,onset,2018-06-10
23.9366,False,6,2018,15,22.22222222222222,,,22.22222222222222,recovery,2018-06-15
24.1226,False,6,2018,20,27.77777777777778,,,,after,2018-06-20
28.341200000000004,False,6,2018,25,33.33333333333333,,,,,2018-06-25
24.721,False,6,2018,30,27.77777777777778,,,,,2018-06-30
22.3572,False,7,2018,5,27.77777777777778,,,,,2018-07-05
21.7506,False,7,2018,10,22.22222222222222,,,,,2018-07-10
21.9696,False,7,2018,15,27.77777777777778,,,,,2018-07-15
22.8046,False,7,2018,20,27.77777777777778,,,,,2018-07-20
21.035,False,7,2018,25,22.22222222222222,,,,,2018-07-25
20.589,False,7,2018,30,27.77777777777778,,,,,2018-07-30
20.4936,False,8,2018,4,16.666666666666664,,,,,2018-08-04
20.1404,False,8,2018,9,22.22222222222222,,,,,2018-08-09
20.1234,False,8,2018,14,16.666666666666664,,,,,2018-08-14
20.2624,False,8,2018,19,22.22222222222222,,,,,2018-08-19
21.177799999999998,False,8,2018,24,16.666666666666664,,,,,2018-08-24
25.1166,False,8,2018,29,38.88888888888889,,,,,2018-08-29
23.068,False,9,2018,3,44.44444444444444,,,,,2018-09-03
27.103199999999998,False,9,2018,8,55.55555555555556,,before,,,2018-09-08
23.3698,False,9,2018,13,38.88888888888889,38.88888888888889,onset,,,2018-09-13
21.1028,False,9,2018,18,16.666666666666664,16.666666666666664,onset,,,2018-09-18
20.445600000000002,False,9,2018,23,16.666666666666664,16.666666666666664,recovery,,,2018-09-23
19.909,False,9,2018,28,16.666666666666664,16.666666666666664,recovery,,,2018-09-28
21.621,False,10,2018,3,22.22222222222222,22.22222222222222,recovery,,,2018-10-03
37.275400000000005,False,10,2018,8,72.22222222222221,,after,,,2018-10-08
37.1588,False,10,2018,13,77.77777777777779,,,,,2018-10-13
35.263600000000004,False,10,2018,18,77.77777777777779,,,,,2018-10-18
34.0834,False,10,2018,23,66.66666666666666,,,,,2018-10-23
36.3664,False,10,2018,28,66.66666666666666,,,,,2018-10-28
40.293,False,11,2018,2,88.88888888888889,,,,,2018-11-02
38.2118,False,11,2018,7,83.33333333333334,,,,,2018-11-07
37.9778,False,11,2018,12,77.77777777777779,,,,,2018-11-12
37.7236,False,11,2018,17,77.77777777777779,,,,,2018-11-17
39.6334,False,11,2018,22,77.77777777777779,,,,,2018-11-22
39.169200000000004,False,11,2018,27,61.111111111111114,,,,,2018-11-27
39.4114,False,12,2018,2,66.66666666666666,,,,,2018-12-02
38.117000000000004,False,12,2018,7,50.0,,,,,2018-12-07
38.8132,False,12,2018,12,66.66666666666666,,,,,2018-12-12
38.2102,False,12,2018,17,50.0,,,,,2018-12-17
37.4084,False,12,2018,22,50.0,,,,,2018-12-22
41.0108,False,12,2018,27,72.22222222222221,,,,,2018-12-27
41.0116,False,1,2019,1,77.27272727272727,,,,,2019-01-01
39.0044,False,1,2019,6,58.82352941176471,,,,,2019-01-06
40.021,False,1,2019,11,64.70588235294117,,,,,2019-01-11
43.8692,False,1,2019,16,82.35294117647058,,,,,2019-01-16
42.0524,False,1,2019,21,76.47058823529412,,,,,2019-01-21
40.6992,False,1,2019,26,70.58823529411765,,,,,2019-01-26
38.757600000000004,False,1,2019,31,47.05882352941176,,,,,2019-01-31
41.6766,False,2,2019,5,70.58823529411765,,,,,2019-02-05
42.208600000000004,False,2,2019,10,76.47058823529412,,,,,2019-02-10
40.333600000000004,False,2,2019,15,64.70588235294117,,,,,2019-02-15
42.739,False,2,2019,20,82.35294117647058,,,,,2019-02-20
41.3662,False,2,2019,25,64.70588235294117,,,,,2019-02-25
38.8588,False,3,2019,2,47.05882352941176,,,,,2019-03-02
42.2962,False,3,2019,7,70.58823529411765,,,,,2019-03-07
43.868399999999994,False,3,2019,12,70.58823529411765,,,,,2019-03-12
40.6954,False,3,2019,17,41.17647058823529,,,,,2019-03-17
39.6546,False,3,2019,22,35.294117647058826,,,,,2019-03-22
43.5684,False,3,2019,27,64.70588235294117,,,,,2019-03-27
44.548199999999994,False,4,2019,1,70.58823529411765,,,,,2019-04-01
43.448,False,4,2019,6,58.82352941176471,,,,,2019-04-06
42.469,False,4,2019,11,41.17647058823529,,,,,2019-04-11
43.5024,False,4,2019,16,58.82352941176471,,,,,2019-04-16
42.482600000000005,False,4,2019,21,52.94117647058824,,,,,2019-04-21
42.4212,False,4,2019,26,35.294117647058826,,,,,2019-04-26
45.935199999999995,False,5,2019,1,70.58823529411765,,,,,2019-05-01
43.24679999999999,False,5,2019,6,64.70588235294117,,,,,2019-05-06
42.236200000000004,False,5,2019,11,70.58823529411765,,,,,2019-05-11
41.4956,False,5,2019,16,58.82352941176471,,,,,2019-05-16
47.425599999999996,False,5,2019,21,88.23529411764706,,,,,2019-05-21
43.2714,False,5,2019,26,47.05882352941176,,,,,2019-05-26
40.3274,False,5,2019,31,55.55555555555556,,,,,2019-05-31
41.043600000000005,False,6,2019,5,61.111111111111114,,,,,2019-06-05
37.5612,False,6,2019,10,55.55555555555556,,,,,2019-06-10
36.572,False,6,2019,15,50.0,,,,,2019-06-15
42.2074,False,6,2019,20,83.33333333333334,,,,,2019-06-20
40.608000000000004,False,6,2019,25,72.22222222222221,,,,,2019-06-25
35.426,False,6,2019,30,66.66666666666666,,,,,2019-06-30
33.0344,False,7,2019,5,55.55555555555556,,,,,2019-07-05
30.0634,False,7,2019,10,50.0,,,,,2019-07-10
27.423000000000002,False,7,2019,15,55.55555555555556,,,,,2019-07-15
26.615199999999998,False,7,2019,20,55.55555555555556,,,,,2019-07-20
25.0306,False,7,2019,25,44.44444444444444,,,,,2019-07-25
23.756400000000003,False,7,2019,30,50.0,,,,,2019-07-30
23.031200000000002,False,8,2019,4,33.33333333333333,,,,,2019-08-04
31.7568,False,8,2019,9,66.66666666666666,,,,,2019-08-09
33.429199999999994,False,8,2019,14,77.77777777777779,,,,,2019-08-14
28.5342,False,8,2019,19,55.55555555555556,,,,,2019-08-19
29.360599999999998,False,8,2019,24,50.0,,,,,2019-08-24
36.4302,False,8,2019,29,83.33333333333334,,,,,2019-08-29
33.2898,False,9,2019,3,72.22222222222221,,,,,2019-09-03
38.635,False,9,2019,8,83.33333333333334,,,,,2019-09-08
30.8036,False,9,2019,13,66.66666666666666,,,,,2019-09-13
26.2214,False,9,2019,18,50.0,,,,,2019-09-18
25.0936,False,9,2019,23,55.55555555555556,,,,,2019-09-23
24.2744,False,9,2019,28,50.0,,,,,2019-09-28
22.8856,False,10,2019,3,33.33333333333333,,,,,2019-10-03
28.8868,False,10,2019,8,61.111111111111114,,,,,2019-10-08
32.2992,False,10,2019,13,61.111111111111114,,,,,2019-10-13
32.425599999999996,False,10,2019,18,61.111111111111114,,,,,2019-10-18
33.892,False,10,2019,23,61.111111111111114,,,,,2019-10-23
37.499,False,10,2019,28,72.22222222222221,,,,,2019-10-28
37.592,False,11,2019,2,72.22222222222221,,,,,2019-11-02
36.057,False,11,2019,7,66.66666666666666,,,,,2019-11-07
36.230399999999996,False,11,2019,12,72.22222222222221,,,,,2019-11-12
37.108799999999995,False,11,2019,17,72.22222222222221,,,,,2019-11-17
38.2128,False,11,2019,22,55.55555555555556,,,,,2019-11-22
40.4556,False,11,2019,27,77.77777777777779,,,,,2019-11-27
39.2812,False,12,2019,2,61.111111111111114,,,,,2019-12-02
38.1306,False,12,2019,7,55.55555555555556,,,,,2019-12-07
38.699200000000005,False,12,2019,12,55.55555555555556,,,,,2019-12-12
39.5702,False,12,2019,17,72.22222222222221,,,,,2019-12-17
39.68,False,12,2019,22,66.66666666666666,,,,,2019-12-22
41.826800000000006,False,12,2019,27,77.77777777777779,,,,,2019-12-27
39.9288,True,1,2020,1,63.63636363636363,,,,,2020-01-01
39.535399999999996,True,1,2020,6,64.70588235294117,,,,,2020-01-06
44.2738,True,1,2020,11,82.35294117647058,,,,,2020-01-11
42.812400000000004,True,1,2020,16,76.47058823529412,,,,,2020-01-16
42.5718,True,1,2020,21,82.35294117647058,,,,,2020-01-21
43.813599999999994,True,1,2020,26,88.23529411764706,,,,,2020-01-26
42.4824,True,1,2020,31,82.35294117647058,,,,,2020-01-31
42.171,True,2,2020,5,76.47058823529412,,,,,2020-02-05
44.286,True,2,2020,10,82.35294117647058,,,,,2020-02-10
42.211400000000005,True,2,2020,15,76.47058823529412,,,,,2020-02-15
41.563,True,2,2020,20,70.58823529411765,,,,,2020-02-20
45.13525,True,2,2020,25,82.35294117647058,,,,,2020-02-25
42.1318,True,3,2020,2,76.47058823529412,,,,,2020-03-02
42.4956,True,3,2020,7,76.47058823529412,,,,,2020-03-07
45.6746,True,3,2020,12,88.23529411764706,,,,,2020-03-12
45.9816,True,3,2020,17,82.35294117647058,,,,,2020-03-17
46.289,True,3,2020,22,82.35294117647058,,,,,2020-03-22
47.062200000000004,True,3,2020,27,88.23529411764706,,,,,2020-03-27
44.3018,True,4,2020,1,64.70588235294117,,,,,2020-04-01
43.813,True,4,2020,6,64.70588235294117,,,,,2020-04-06
42.537400000000005,True,4,2020,11,47.05882352941176,,,,,2020-04-11
42.291199999999996,True,4,2020,16,47.05882352941176,,,,,2020-04-16
43.6026,True,4,2020,21,76.47058823529412,,,,,2020-04-21
47.5654,True,4,2020,26,82.35294117647058,,,,,2020-04-26
45.7964,True,5,2020,1,64.70588235294117,,,,,2020-05-01
44.102,True,5,2020,6,76.47058823529412,,,,,2020-05-06
41.3318,True,5,2020,11,58.82352941176471,,,,,2020-05-11
45.302800000000005,True,5,2020,16,70.58823529411765,,,,,2020-05-16
42.921,True,5,2020,21,58.82352941176471,,,,,2020-05-21
43.432399999999994,True,5,2020,26,52.94117647058824,,,,,2020-05-26
41.6644,True,5,2020,31,72.22222222222221,,,,,2020-05-31
44.0322,True,6,2020,5,77.77777777777779,,,,,2020-06-05
44.5332,True,6,2020,10,66.66666666666666,,,,,2020-06-10
37.4904,True,6,2020,15,55.55555555555556,,,,,2020-06-15
38.4034,True,6,2020,20,61.111111111111114,,,,,2020-06-20
33.8726,True,6,2020,25,50.0,,,,,2020-06-25
31.284999999999997,True,6,2020,30,44.44444444444444,,,,,2020-06-30
28.9772,True,7,2020,5,44.44444444444444,,,,,2020-07-05
26.568399999999997,True,7,2020,10,33.33333333333333,,,,,2020-07-10
25.169800000000002,True,7,2020,15,38.88888888888889,,,,,2020-07-15
35.135000000000005,True,7,2020,20,66.66666666666666,,,,,2020-07-20
31.8502,True,7,2020,25,61.111111111111114,,,,,2020-07-25
37.9952,True,7,2020,30,77.77777777777779,,,,,2020-07-30
39.585,True,8,2020,4,83.33333333333334,,,,,2020-08-04
37.3928,True,8,2020,9,94.44444444444444,,,,,2020-08-09
34.215199999999996,True,8,2020,14,83.33333333333334,,,,,2020-08-14
27.8728,True,8,2020,19,50.0,,,,,2020-08-19
25.0338,True,8,2020,24,38.88888888888889,,,,,2020-08-24
26.675800000000002,True,8,2020,29,44.44444444444444,,,,,2020-08-29
30.9298,True,9,2020,3,66.66666666666666,,,,,2020-09-03
29.2298,True,9,2020,8,61.111111111111114,,,,,2020-09-08
35.765,True,9,2020,13,77.77777777777779,,,,,2020-09-13
28.949,True,9,2020,18,66.66666666666666,,,,,2020-09-18
25.2596,True,9,2020,23,61.111111111111114,,,,,2020-09-23
26.9198,True,9,2020,28,66.66666666666666,,,,,2020-09-28
23.7444,True,10,2020,3,44.44444444444444,,before,,,2020-10-03
23.1716,True,10,2020,8,38.88888888888889,38.88888888888889,onset,,,2020-10-08
22.1524,True,10,2020,13,16.666666666666664,16.666666666666664,onset,,,2020-10-13
21.621199999999998,True,10,2020,18,16.666666666666664,16.666666666666664,recovery,,,2020-10-18
23.514,True,10,2020,23,16.666666666666664,16.666666666666664,recovery,,,2020-10-23
27.700599999999998,True,10,2020,28,27.77777777777778,27.77777777777778,recovery,,,2020-10-28
27.3892,True,11,2020,2,22.22222222222222,,after,,,2020-11-02
28.1464,True,11,2020,7,22.22222222222222,,,,,2020-11-07
35.0522,True,11,2020,12,50.0,,,,,2020-11-12
36.7142,True,11,2020,17,61.111111111111114,,,,,2020-11-17
40.9628,True,11,2020,22,83.33333333333334,,,,,2020-11-22
39.5034,True,11,2020,27,72.22222222222221,,,,,2020-11-27
37.4286,True,12,2020,2,50.0,,,,,2020-12-02
36.7862,True,12,2020,7,44.44444444444444,,,,,2020-12-07
38.7168,True,12,2020,12,61.111111111111114,,,,,2020-12-12
37.585,True,12,2020,17,44.44444444444444,,,,,2020-12-17
36.839600000000004,True,12,2020,22,44.44444444444444,,,,,2020-12-22
36.6278,True,12,2020,27,38.88888888888889,,,,,2020-12-27
39.43,True,1,2021,1,54.54545454545454,,,,,2021-01-01
41.4948,False,1,2021,1,81.81818181818183,,,,,2021-01-01
40.0524,False,1,2021,6,70.58823529411765,,,,,2021-01-06
39.016200000000005,False,1,2021,11,52.94117647058824,,,,,2021-01-11
40.319,False,1,2021,16,64.70588235294117,,,,,2021-01-16
40.3544,False,1,2021,21,64.70588235294117,,,,,2021-01-21
41.9382,False,1,2021,26,76.47058823529412,,,,,2021-01-26
42.3192,False,1,2021,31,76.47058823529412,,,,,2021-01-31
39.79260000000001,False,2,2021,5,52.94117647058824,,,,,2021-02-05
36.6684,False,2,2021,10,41.17647058823529,,,,,2021-02-10
33.721,False,2,2021,15,23.52941176470588,,,,,2021-02-15
38.5658,False,2,2021,20,41.17647058823529,,,,,2021-02-20
42.106399999999994,False,2,2021,25,70.58823529411765,,,,,2021-02-25
41.2822,False,3,2021,2,70.58823529411765,,,,,2021-03-02
41.373599999999996,False,3,2021,7,52.94117647058824,,,,,2021-03-07
45.440000000000005,False,3,2021,12,82.35294117647058,,,,,2021-03-12
45.9662,False,3,2021,17,76.47058823529412,,,,,2021-03-17
45.3206,False,3,2021,22,70.58823529411765,,,,,2021-03-22
43.259,False,3,2021,27,52.94117647058824,,,,,2021-03-27
40.5216,False,4,2021,1,29.411764705882355,,,,,2021-04-01
45.5098,False,4,2021,6,76.47058823529412,,,,,2021-04-06
45.1048,False,4,2021,11,82.35294117647058,,,,,2021-04-11
42.3712,False,4,2021,16,52.94117647058824,,,,,2021-04-16
43.4036,False,4,2021,21,70.58823529411765,,,,,2021-04-21
45.166399999999996,False,4,2021,26,76.47058823529412,,,,,2021-04-26
43.605599999999995,False,5,2021,1,41.17647058823529,,,,,2021-05-01
42.6432,False,5,2021,6,47.05882352941176,,,,,2021-05-06
41.376599999999996,False,5,2021,11,64.70588235294117,,,,,2021-05-11
46.0702,False,5,2021,16,76.47058823529412,,,,,2021-05-16
44.0964,False,5,2021,21,76.47058823529412,,,,,2021-05-21
43.8858,False,5,2021,26,70.58823529411765,,,,,2021-05-26
40.094,False,5,2021,31,50.0,,,,,2021-05-31
36.294,False,6,2021,5,38.88888888888889,,,,,2021-06-05
33.2082,False,6,2021,10,44.44444444444444,,,,,2021-06-10
29.2354,False,6,2021,15,38.88888888888889,,,,,2021-06-15
31.400599999999997,False,6,2021,20,44.44444444444444,,,,,2021-06-20
47.1398,False,6,2021,25,94.44444444444444,,,,,2021-06-25
46.3142,False,6,2021,30,88.88888888888889,,,,,2021-06-30
37.702,False,7,2021,5,66.66666666666666,,,,,2021-07-05
42.826800000000006,False,7,2021,10,88.88888888888889,,,,,2021-07-10
43.9856,False,7,2021,15,88.88888888888889,,,,,2021-07-15
36.869600000000005,False,7,2021,20,77.77777777777779,,,,,2021-07-20
31.9698,False,7,2021,25,66.66666666666666,,,,,2021-07-25
28.8594,False,7,2021,30,61.111111111111114,,,,,2021-07-30
26.8738,False,8,2021,4,66.66666666666666,,,,,2021-08-04
25.8812,False,8,2021,9,50.0,,,,,2021-08-09
24.54,False,8,2021,14,38.88888888888889,,,,,2021-08-14
24.3222,False,8,2021,19,44.44444444444444,,,,,2021-08-19
23.648400000000002,False,8,2021,24,33.33333333333333,,,,,2021-08-24
22.7706,False,8,2021,29,16.666666666666664,,,,,2021-08-29
22.497,False,9,2021,3,33.33333333333333,,,,,2021-09-03
21.946199999999997,False,9,2021,8,27.77777777777778,,,,,2021-09-08
21.5292,False,9,2021,13,27.77777777777778,,,,,2021-09-13
24.012999999999998,False,9,2021,18,33.33333333333333,,,,,2021-09-18
24.9976,False,9,2021,23,50.0,,,,,2021-09-23
23.637999999999998,False,9,2021,28,44.44444444444444,,,,,2021-09-28
26.777800000000003,False,10,2021,3,61.111111111111114,,,,,2021-10-03
25.2668,False,10,2021,8,50.0,,,,,2021-10-08
29.247000000000003,False,10,2021,13,50.0,,,,,2021-10-13
27.005599999999998,False,10,2021,18,38.88888888888889,,,,,2021-10-18
26.738999999999997,False,10,2021,23,22.22222222222222,,,,,2021-10-23
36.285399999999996,False,10,2021,28,61.111111111111114,,,,,2021-10-28
34.626400000000004,False,11,2021,2,61.111111111111114,,,,,2021-11-02
34.1902,False,11,2021,7,61.111111111111114,,,,,2021-11-07
33.2902,False,11,2021,12,44.44444444444444,,,,,2021-11-12
32.68,False,11,2021,17,33.33333333333333,,,,,2021-11-17
33.1152,False,11,2021,22,33.33333333333333,,,,,2021-11-22
34.5988,False,11,2021,27,38.88888888888889,,,,,2021-11-27
34.0766,False,12,2021,2,33.33333333333333,,,,,2021-12-02
32.905,False,12,2021,7,27.77777777777778,,,,,2021-12-07
33.2144,False,12,2021,12,27.77777777777778,,,,,2021-12-12
32.6974,False,12,2021,17,22.22222222222222,,,,,2021-12-17
32.748599999999996,False,12,2021,22,22.22222222222222,,,,,2021-12-22
37.563,False,12,2021,27,44.44444444444444,,,,,2021-12-27
